ano;titulo;autor1;autor2;autor3;autor4;autor5;autor6;autor7;ludopediaID;ludopediaURL
2026;3 Dragões;Eurico Cunha Neto;;;;;;;85025;https://ludopedia.com.br/jogo/3-dragoes
2026;Acarajé;Valter Bispo;;;;;;;81999;https://ludopedia.com.br/jogo/acaraje
2026;Anarriê;Valter Bispo;;;;;;;79994;https://ludopedia.com.br/jogo/anarrie
2026;Athos Bulcão | Master Pieces;Fabiano Costa;Renato Keiteris;;;;;;71312;https://ludopedia.com.br/jogo/athos-bulcao-master-pieces
2026;Batalha dos Bruxos;Augusto Mendes;Leonardo Giroto;;;;;;77557;http://ludopedia.com.br/jogo/batalha-dos-bruxos
2026;Batalha Submarina;Caio Feliciano de Sant'Anna Martins;Daniel de Sant'Anna Martins;Leandro Pinto;;;;;85437;https://ludopedia.com.br/jogo/batalha-submarina?v=
2026;Bitenmap;Lucas Nascimento;;;;;;;85398;https://ludopedia.com.br/jogo/bitenmap
2026;Busão;Alison Fabrizi;;;;;;;77970;https://ludopedia.com.br/jogo/busao
2026;Captura Monstros;Daniel de Sant'Anna Martins;Leandro Pinto;;;;;;85436;https://ludopedia.com.br/jogo/captura-monstros
2026;Contrabando por Lucas Salles;Lucas Salles;;;;;;;86348;https://ludopedia.com.br/jogo/contrabando-por-lucas-salles
2026;Contrário - O Jogo de Cartas dos Bois de Parintins;Rafael Soares;;;;;;;84994;https://ludopedia.com.br/jogo/contrario-o-jogo-de-cartas-dos-bois-de-parintins?v=
2026;Drag Slay;Leonardo Montini;;;;;;;77068;https://ludopedia.com.br/jogo/drag-slay
2026;Drag Slay - Edição Rupaul's DragCon Brasil 2026;Leonardo Montini;;;;;;;86634;https://ludopedia.com.br/jogo/drag-slay-edicao-rupaul-s-dragcon-brasil-2026
2026;Dragodonto;Daniel de Sant'Anna Martins;Guilherme Xavier Arte;;;;;;85433;https://ludopedia.com.br/jogo/dragodonto
2026;DuvidaÊ!;Mauricio Torselli;Vicente (Vince) Martin;;;;;;84048;https://ludopedia.com.br/jogo/duvidae
2026;Faith Battle - Coleção Filhos de Israel;Lucas Duarte;;;;;;;81919;https://ludopedia.com.br/jogo/faith-battle-colecao-filhos-de-israel
2026;Fantasmagória;Lucas Fratini;;;;;;;79713;https://ludopedia.com.br/jogo/fantasmagoria
2026;FlipToons;Jordy Adan;Renato Simões;;;;;;80051;https://ludopedia.com.br/jogo/fliptoons
2026;For the Quest - Primeira Jornada;Bruno Sathler;J. M. Pimentel;;;;;;83090;https://ludopedia.com.br/jogo/for-the-quest-primeira-jornada
2026;Frankezen;Alexander Francisco;;;;;;;63358;https://ludopedia.com.br/jogo/frankezen
2026;Galhos;Titania;;;;;;;80863;https://ludopedia.com.br/jogo/galhos
2026;Geeks Vs Trolls;Marcelo Vieira;;;;;;;66495;https://ludopedia.com.br/jogo/geeks-vs-trolls
2026;Gladiadores;Ênyo Saldanha;Lucas Medeiros;;;;;;65024;https://ludopedia.com.br/jogo/gladiadores
2026;Gol de Letra;Rony Fagundes;;;;;;;86217;https://ludopedia.com.br/jogo/gol-de-letra
2026;Investigadores;Jefe Moreira;Leo Kanan;;;;;;79720;https://ludopedia.com.br/jogo/investigadores
2026;Jornada a Netuno;Glauber Cavassani;;;;;;;84128;https://ludopedia.com.br/jogo/jornada-a-netuno?v=
2026;M.W.A.T.;Augusto Correia Rocha;;;;;;;66301;https://ludopedia.com.br/jogo/mwat
2026;Mad Mix;Emivaldo Sousa;;;;;;;80452;https://ludopedia.com.br/jogo/mad-mix
2026;Monstros & Tesouros - Campos de Batalha;Luiz Roberto Kotze;;;;;;;78916;https://ludopedia.com.br/jogo/monstros-tesouros-campos-de-batalha
2026;Nem a Pato! 2;Rodrigo Rego;;;;;;;85505;https://ludopedia.com.br/jogo/nem-a-pato-2
2026;Nevasca;Arthur Deboni;Matheus Mascarello;;;;;;83772;https://ludopedia.com.br/jogo/nevasca
2026;Pegadinos;Marco Aurelio Amaral;;;;;;;80017;https://ludopedia.com.br/jogo/pegadinos
2026;PubliCidade;Augusto Correia Rocha;;;;;;;18476;https://ludopedia.com.br/jogo/publicidade
2026;Solver;Gustavo Lira;;;;;;;75133;https://ludopedia.com.br/jogo/solver
2026;Stitch 626;Robert Coelho;Sérgio Halaban;;;;;;85508;https://ludopedia.com.br/jogo/stitch-626
2026;The Dodgeball Game;Marcelo Murata;;;;;;;85519;https://ludopedia.com.br/jogo/the-dodgeball-game
2026;The Jetsons;Gabriel Toschi;;;;;;;77007;https://ludopedia.com.br/jogo/the-jetsons
2026;Trunfos e Tesouros;Amábili Vieira;Mauro Fernandez;;;;;;84187;https://ludopedia.com.br/jogo/trunfos-e-tesouros
2026;Vomitolândia;Sandro Tomasetti;;;;;;;71072;https://ludopedia.com.br/jogo/vomitolandia
2026;Zoo Fighters 2;Ramsés Sohn;;;;;;;85578;https://ludopedia.com.br/jogo/zoo-fighters-2
2025;A Charada Final;Roj Ventura;;;;;;;80113;https://ludopedia.com.br/jogo/a-charada-final
2025;A Volta ao Mundo em 80 Dias - A Grande Corrida!;Diego Emanoel;;;;;;;51755;https://ludopedia.com.br/jogo/a-volta-ao-mundo-em-80-dias-a-grande-corrida
2025;AbduVACAS;Thiago Queiroz (Paizinho, Vírgula);;;;;;;79990;https://ludopedia.com.br/jogo/abduvacas
2025;Alcatraz;Laila Terra;;;;;;;81692;https://ludopedia.com.br/jogo/alcatraz
2025;AmaZoom;Daniel Cazan;;;;;;;77894;https://ludopedia.com.br/jogo/amazoom
2025;Aqualtune;Igor 74 Bueno;;;;;;;81965;https://ludopedia.com.br/jogo/aqualtune
2025;Aristofarsa;Douglas Jansen;;;;;;;78102;https://ludopedia.com.br/jogo/aristofarsa
2025;ARQUIMOTIM;Guilherme Infante;;;;;;;77004;https://ludopedia.com.br/jogo/arquimotim?v=
2025;Ártico - A Cura;Mário Sérgio;;;;;;;63415;https://ludopedia.com.br/jogo/artico-a-cura
2025;Asteria;Augusto Correia Rocha;;;;;;;54057;https://ludopedia.com.br/jogo/asteria
2025;Ayrumã;Guilherme Targino;;;;;;;63527;https://ludopedia.com.br/jogo/ayruma
2025;Backstabbers;Charles de Oliveira;Pedro Cavalcanti;;;;;;23136;https://ludopedia.com.br/jogo/backstabbers
2025;Balaio de Gato;Eduardo Caetano;;;;;;;67134;https://ludopedia.com.br/jogo/balaio-de-gato
2025;Balde de Caranguejo;Joka Jr;;;;;;;71893;https://ludopedia.com.br/jogo/balde-de-caranguejo
2025;Blefadores S/A;Ronaldo Crispim;;;;;;;79623;https://ludopedia.com.br/jogo/blefadores-s-a
2025;Bolo Souza Leão - O Jogo de Cartas;Pedro Cabelinho;;;;;;;79829;https://ludopedia.com.br/jogo/bolo-souza-leao-o-jogo-de-cartas
2025;Brigadeiro;Gabriel Toschi;;;;;;;79820;https://ludopedia.com.br/jogo/brigadeiro
2025;Brinquedos Assombrados;Daniel de Sant'Anna Martins;Leandro Pinto;;;;;;79489;https://ludopedia.com.br/jogo/brinquedos-assombrados
2025;BugÔ;Otaviano Barneschi Filho;;;;;;;79478;https://ludopedia.com.br/jogo/bugo
2025;Café da Tarde;Rogerio Pivotto Menegari;;;;;;;65928;https://ludopedia.com.br/jogo/cafe-da-tarde
2025;Caos na Cozinha;Fel Barros;Henrique Garrigós;;;;;;79771;https://ludopedia.com.br/jogo/caos-na-cozinha
2025;Capivárias;Pedro Cabelinho;;;;;;;77064;https://ludopedia.com.br/jogo/capivarias
2025;Capulana;Estevan Isaak;;;;;;;81690;https://ludopedia.com.br/jogo/capulana
2025;Casa da Empatia;Rafael Perin;;;;;;;83620;https://ludopedia.com.br/jogo/casa-da-empatia
2025;Chicago Dry;Sérgio Halaban;;;;;;;64537;https://ludopedia.com.br/jogo/chicago-dry
2025;Ciclo dos Bichos;Maik Lebarck Caliari;;;;;;;79937;https://ludopedia.com.br/jogo/ciclo-dos-bichos
2025;Cobogó;Gabriel Toschi;;;;;;;77057;https://ludopedia.com.br/jogo/cobogo
2025;Conquest - Mystic Invasions;Gustavo Silveira;;;;;;;78651;https://ludopedia.com.br/jogo/conquest-mystic-invasions
2025;Conselho;Alexandre Reis;Eurico Cunha Neto;;;;;;78590;https://ludopedia.com.br/jogo/conselho
2025;Creepers;Humberto Cotta;;;;;;;12723;https://ludopedia.com.br/jogo/creepers
2025;Cthulhu: Death May Die - Medo do Desconhecido;Marco Portugal;;;;;;;42463;https://ludopedia.com.br/jogo/cthulhu-death-may-die-fear-of-the-unknown
2025;Cuco!;Frank Watanabe;;;;;;;66523;https://ludopedia.com.br/jogo/cuco
2025;Dez Pragas do Egito;Marcos Macri;;;;;;;57636;https://ludopedia.com.br/jogo/dez-pragas-do-egito
2025;Dino Parque;Thiago Queiroz (Paizinho, Vírgula);;;;;;;79488;https://ludopedia.com.br/jogo/dino-parque
2025;Diversão Offline - O Jogo;Fabio Tola;Fel Barros;;;;;;79689;https://ludopedia.com.br/jogo/diversao-offline-o-jogo
2025;Doçura;Alice Barbieri;André Teruya Eichemberg;Igor Knop;;;;;79492;https://ludopedia.com.br/jogo/docura
2025;Dungeon Rummy;Fel Barros;;;;;;;66565;https://ludopedia.com.br/jogo/dungeon-rummy
2025;Dungeons of Kards – Deserto & Fogo;Eduardo Santini;;;;;;;84097;https://ludopedia.com.br/jogo/dungeons-of-kards-deserto-fogo
2025;Dungeons of Kards – Docas & Florestas;Eduardo Santini;;;;;;;84098;https://ludopedia.com.br/jogo/dungeons-of-kards-docas-florestas
2025;Dungeons of Kards – Masmorra & Gelo;Eduardo Santini;;;;;;;79634;https://ludopedia.com.br/jogo/dungeons-of-kards-masmorra-gelo
2025;É Top!? Superinteressante;Leandro Pires;Rodrigo Rego;;;;;;79603;https://ludopedia.com.br/jogo/e-top-superinteressante
2025;EAÊ!?;Bruno Podolski;;;;;;;79883;https://ludopedia.com.br/jogo/eae
2025;Eclipse Inca;Rafael Arruda;;;;;;;83621;https://ludopedia.com.br/jogo/eclipse-inca?v=
2025;Effect: Conflicting Causes;Robson Joiner;;;;;;;39478;https://ludopedia.com.br/jogo/effect-conflicting-causes
2025;Eu Nunca Zoação;Vini Agliardi;;;;;;;49625;https://ludopedia.com.br/jogo/eu-nunca-zoacao
2025;Feng Shui Dungeon;Chris Borges;;;;;;;79626;https://ludopedia.com.br/jogo/feng-shui-dungeon
2025;Frost Shelter;Victor Macedo;;;;;;;77893;https://ludopedia.com.br/jogo/frost-shelter
2025;Funocracy;Henrique Moreira;;;;;;;79593;https://ludopedia.com.br/jogo/funocracy
2025;Furka;Igor 74 Bueno;;;;;;;81966;https://ludopedia.com.br/jogo/furka
2025;Games & Cats;Gustavo Barreto;;;;;;;80015;https://ludopedia.com.br/jogo/games-cats
2025;Geekmon Capture;Arthur Casulli de Oliveira;Karina Alves;;;;;;53260;https://ludopedia.com.br/jogo/geekmon-capture
2025;Gotham Royale (2º Edição);Roj Ventura;;;;;;;80111;https://ludopedia.com.br/jogo/gotham-royale-2-edicao
2025;Grasse (2ª Edição);Bianca Melyna;Moisés Pacheco de Souza;;;;;;76468;https://ludopedia.com.br/jogo/grasse-2-edicao
2025;Grasse Roll & Write;Moisés Pacheco de Souza;;;;;;;78770;https://ludopedia.com.br/jogo/grasse-roll-write
2025;Graus°;Gledson Silva;Thiago Nunes;;;;;;79274;https://ludopedia.com.br/jogo/graus
2025;Guerra Fria;Paulo Santoro;;;;;;;77636;https://ludopedia.com.br/jogo/guerra-fria
2025;Guerrinha de Mamona;Maurício Nóbrega;;;;;;;79822;https://ludopedia.com.br/jogo/guerrinha-de-mamona
2025;Harry Potter - Treino de Quadribol;Roj Ventura;;;;;;;81422;https://ludopedia.com.br/jogo/harry-potter-treino-de-quadribol
2025;Heroes Alliance;Pedro José Valente;;;;;;;79701;https://ludopedia.com.br/jogo/heroes-alliance?v=
2025;Herschels;André Teruya Eichemberg;Igor Knop;Robert Coelho;Sérgio Halaban;;;;79804;https://ludopedia.com.br/jogo/herschels
2025;Hieron;Diego de Moraes;;;;;;;79625;https://ludopedia.com.br/jogo/hieron
2025;Homem-Morcego: O Jogo de Cartas;Renato Simões;;;;;;;72172;https://ludopedia.com.br/jogo/homem-morcego-o-jogo-de-cartas?v=
2025;Horizonte;Arthur Lacerda;;;;;;;78109;https://ludopedia.com.br/jogo/horizonte
2025;Hyten PNP;Rafael Tadeu Lima Almeida;;;;;;;77628;https://ludopedia.com.br/jogo/hyten-pnp
2025;IAgente;Tomás Queiroz;;;;;;;79608;https://ludopedia.com.br/jogo/iagente
2025;Ímpar;Ênyo Saldanha;Eurico Cunha Neto;;;;;;78647;https://ludopedia.com.br/jogo/even-odds
2025;Inocente ou Culpado?;Leandro Aguiar;;;;;;;81948;https://ludopedia.com.br/jogo/inocente-ou-culpado
2025;Irmã Nuna;Alexander Francisco;;;;;;;64632;https://ludopedia.com.br/jogo/irma-nuna
2025;Jardim Encantado;Rafael M. Verri;;;;;;;79570;https://ludopedia.com.br/jogo/jardim-encantado
2025;Jardins de Amitis;Rafael Ferreoli;;;;;;;79197;https://ludopedia.com.br/jogo/jardins-de-amitis
2025;Labores de Bizâncio;2tracers;;;;;;;71496;https://ludopedia.com.br/jogo/labores-de-bizancio
2025;Looney Tunes: O Dia do Caçador;Roj Ventura;;;;;;;79965;https://ludopedia.com.br/jogo/looney-tunes-o-dia-do-cacador
2025;Ludosaurus;Renato Oliveira;;;;;;;79353;https://ludopedia.com.br/jogo/ludosaurus
2025;Ludoteca Disney - 101 Dálmatas;Robert Coelho;Thiago Queiroz (Paizinho, Vírgula);;;;;;66506;https://ludopedia.com.br/jogo/ludoteca-disney-101-dalmatas
2025;Ludoteca Disney - Branca de Neve;Gabriel Ramirez;;;;;;;66507;https://ludopedia.com.br/jogo/ludoteca-disney-branca-de-neve
2025;Ludoteca Disney - Rei Leão;André Teruya Eichemberg;Robert Coelho;;;;;;66509;https://ludopedia.com.br/jogo/ludoteca-disney-rei-leao
2025;Lutas Simbólicas;Daniel Valentim;;;;;;;9220;https://ludopedia.com.br/jogo/lutas-simbolicas
2025;Magos de Araque;Alison Fabrizi;;;;;;;41032;https://ludopedia.com.br/jogo/magos-de-araque
2025;Mala e Cuia;Jordy Adan;Renato Simões;;;;;;79645;https://ludopedia.com.br/jogo/mala-e-cuia
2025;Malabares;Arthur Lacerda;;;;;;;77077;https://ludopedia.com.br/jogo/malabares
2025;Memoriabô;Igraine Pahim;Leonardo Zanatta;;;;;;79495;https://ludopedia.com.br/jogo/memoriabo
2025;Mentirocracia;Anderson Zonato;;;;;;;67093;https://ludopedia.com.br/jogo/mentirocracia
2025;Mind Invaders;Nordan Manz;;;;;;;79479;https://ludopedia.com.br/jogo/mind-invaders
2025;Mirianth Trails;Rafael M. Verri;;;;;;;79638;https://ludopedia.com.br/jogo/mirianth-trails
2025;Mistureba Mágica;Thiago Queiroz (Paizinho, Vírgula);;;;;;;79988;https://ludopedia.com.br/jogo/mistureba-magica
2025;Muvuca;Gabriel Toschi;;;;;;;83190;https://ludopedia.com.br/jogo/muvuca
2025;Nezen;Fabiano C. Munhoz;;;;;;;79818;https://ludopedia.com.br/jogo/nezen
2025;Noite Zumbi;Mauricio V. Gibrin;;;;;;;79624;https://ludopedia.com.br/jogo/noite-zumbi
2025;O Laboratório de Dexter: A Grande Invenção;Pedro Sales;Renato Simões;;;;;;81805;https://ludopedia.com.br/jogo/o-laboratorio-de-dexter-a-grande-invencao
2025;Ovelha em pele de lobo;Verônica Saiki;;;;;;;68765;https://ludopedia.com.br/jogo/ovelha-em-pele-de-lobo
2025;Parlamento;Alex Pena;;;;;;;81079;https://ludopedia.com.br/jogo/parlamento
2025;Passa as Passas;Pedro Cabelinho;;;;;;;83903;https://ludopedia.com.br/jogo/passa-as-passas
2025;Passei de Ano;André Luiz Silva Negrão;Maik Lebarck Caliari;;;;;;79939;https://ludopedia.com.br/jogo/passei-de-ano
2025;PAT4;Renan Ramlov;;;;;;;85138;https://ludopedia.com.br/jogo/pat4
2025;Pipoca;Arthur Lacerda;;;;;;;79772;https://ludopedia.com.br/jogo/pipoca
2025;Pitaco;Roberto Pinheiro;;;;;;;79873;https://ludopedia.com.br/jogo/pitaco
2025;Pool Party Stars;Diego Portugal;;;;;;;77892;https://ludopedia.com.br/jogo/pool-party-stars
2025;Potion Rush;Julius Kaesar Silva;;;;;;;59347;https://ludopedia.com.br/jogo/potion-rush
2025;Preciosas - Roll & Write;Glauber Cavassani;;;;;;;83687;https://ludopedia.com.br/jogo/preciosas-roll-write
2025;Quest Inc.;Thiago Leite;;;;;;;53852;https://ludopedia.com.br/jogo/quest-inc
2025;Recicle Card Game;Luish Moraes Coelho;;;;;;;79494;https://ludopedia.com.br/jogo/recicle-card-game
2025;Reinos Oníricos de Lovecraft;Hugo Bustilho;;;;;;;74725;https://ludopedia.com.br/jogo/reinos-oniricos-de-lovecraft
2025;Rewild: América do Sul;Bruno Liguori Sia;;;;;;;79358;https://ludopedia.com.br/jogo/rewild-south-america
2025;Riftlands: The War Within;Daniel Alves;;;;;;;79094;https://ludopedia.com.br/jogo/riftlands-the-war-within
2025;Roda de Samba;Valter Bispo;;;;;;;25920;https://ludopedia.com.br/jogo/roda-de-samba
2025;Rufstock;Arthur Lacerda;Bruno Liguori Sia;;;;;;81691;https://ludopedia.com.br/jogo/rufstock
2025;Sadhana: O Caminho;Gaetano Foschini;;;;;;;76771;https://ludopedia.com.br/jogo/sadhana-o-caminho
2025;Safari Zap;Joka Jr;;;;;;;79728;https://ludopedia.com.br/jogo/safari-zap
2025;Salsicha;Alex Pena;;;;;;;79208;https://ludopedia.com.br/jogo/salsicha
2025;Salunatics;Marcos Brito;;;;;;;81693;https://ludopedia.com.br/jogo/salunatics
2025;Superstore 3000;Rodrigo Rego;;;;;;;69569;https://ludopedia.com.br/jogo/superstore-3000
2025;Suspeição;Leandro Barbosa dos Santos;;;;;;;69095;https://ludopedia.com.br/jogo/suspeicao
2025;Tá na História - Cientistas;André Luiz Silva Negrão;Maik Lebarck Caliari;;;;;;83437;https://ludopedia.com.br/jogo/ta-na-historia-cientistas
2025;Tá na Memória - Biomas;André Luiz Silva Negrão;Maik Lebarck Caliari;;;;;;79941;https://ludopedia.com.br/jogo/ta-na-memoria-biomas
2025;Tô Fraco;Roj Ventura;;;;;;;80286;https://ludopedia.com.br/jogo/to-fraco
2025;Troças;Pedro Cabelinho;;;;;;;79821;https://ludopedia.com.br/jogo/trocas
2025;UeStop! Turma da Mônica;Rafael M. Verri;;;;;;;80061;https://ludopedia.com.br/jogo/uestop-turma-da-monica
2025;Vazerneiros;Paulo Oliveira;;;;;;;78145;https://ludopedia.com.br/jogo/vazerneiros
2025;Vitruvius;José Alves da Silva Junior;;;;;;;23735;https://ludopedia.com.br/jogo/vitruvius
2025;Warzoo Dicefare;Fel Barros;Marco Portugal;;;;;;77926;https://ludopedia.com.br/jogo/warzoo-dicefare
2025;Zen e Raiva;Rafael Perin;;;;;;;79122;https://ludopedia.com.br/jogo/zen-e-raiva
2025;Zenkai Arena;Edu Reis;;;;;;;82427;https://ludopedia.com.br/jogo/zenkai-arena
2025;Zenkai: Adventure;Edu Reis;;;;;;;70797;https://ludopedia.com.br/jogo/zenkai-adventure
2025;Zero (I);Igor 74 Bueno;;;;;;;81967;https://ludopedia.com.br/jogo/zero-i
2025;Zero, Two, Five;Ênyo Saldanha;Eurico Cunha Neto;;;;;;65096;https://ludopedia.com.br/jogo/zero-two-five
2025;Zianik;Igor 74 Bueno;;;;;;;81968;https://ludopedia.com.br/jogo/zianik?v=
2025;Zurvivors Origem;Bruno Viana;Fábio Arraes;;;;;;52242;https://ludopedia.com.br/jogo/zurvivors-origem
2024;1, 2, 3, Lucha!;Fábio Arraes;;;;;;;66559;https://ludopedia.com.br/jogo/1-2-3-lucha
2024;1000?;Jordy Adan;Renato Simões;;;;;;63379;https://ludopedia.com.br/jogo/1000
2024;3, 2, 1... Subiu!;Roj Ventura;;;;;;;66827;https://ludopedia.com.br/jogo/3-2-1-subiu
2024;A Herança de Cthulhu - Board Game;Bruno Sathler;J. M. Pimentel;;;;;;59590;https://ludopedia.com.br/jogo/a-heranca-de-cthulhu-board-game?v=
2024;Al-Jabr!;Carlos Silvetre Oliosa Pariz;Maik Lebarck Caliari;;;;;;64530;https://ludopedia.com.br/jogo/al-jabr
2024;Alakazam: Batalha dos Magos;Roj Ventura;;;;;;;66886;https://ludopedia.com.br/jogo/alakazam-batalha-dos-magos
2024;Aprenda a Bíblia com 3 Palavrinhas;Vinicius A. Miranda;;;;;;;79711;https://ludopedia.com.br/jogo/aprenda-a-biblia-com-3-palavrinhas
2024;Ato Falhu;Ana Lucia Isabel Gonçalves;;;;;;;65012;https://ludopedia.com.br/jogo/ato-falhu?v=
2024;Bad Signs;Alain Valchera;Matheus Funfas;;;;;;63949;https://ludopedia.com.br/jogo/bad-signs
2024;Bafafá;Matheus Mendes;;;;;;;65258;https://ludopedia.com.br/jogo/bafafa
2024;Batalha dos Cookies;Thiago Queiroz (Paizinho, Vírgula);;;;;;;65762;https://ludopedia.com.br/jogo/batalha-dos-cookies
2024;Bebê Diabo;Rogério Lourenço;;;;;;;70138;https://ludopedia.com.br/jogo/bebe-diabo
2024;Bicho Papão;Nordan Manz;;;;;;;73625;https://ludopedia.com.br/jogo/bicho-papao
2024;Bichos em Ação;Kátia Kurianski;;;;;;;67603;https://ludopedia.com.br/jogo/bichos-em-acao
2024;Bingo das Sílabas;Kátia Kurianski;;;;;;;67733;https://ludopedia.com.br/jogo/bingo-das-silabas
2024;Biomas - Cerrado;Thiago Bastos;;;;;;;64878;https://ludopedia.com.br/jogo/biomas-cerrado
2024;Calamandara;Hyanaigi;Rannjon Mikael;;;;;;44772;https://ludopedia.com.br/jogo/calamandara?v=
2024;Carbono Zero;Carlos Silvestre Oliosa Pariz;Maik Lebarck Caliari;;;;;;64532;https://ludopedia.com.br/jogo/carbono-zero
2024;Castelo Rá-Tim-Bum: A Aventura do Ratinho;João Vitor Bezerra;Ricardo Wendel;;;;;;65662;https://ludopedia.com.br/jogo/castelo-ra-tim-bum-a-aventura-do-ratinho
2024;Chapolin Colorado em: Pepe, Já Tirei a Vela!;Nordan Manz;;;;;;;65873;https://ludopedia.com.br/jogo/el-chapulin-colorado-en-pancho-ya-quite-la-vela
2024;CharLatão;Alex Pena;;;;;;;65757;https://ludopedia.com.br/jogo/charlatao
2024;Cheez-Tricks;Mauricio Torselli;;;;;;;61541;https://ludopedia.com.br/jogo/cheez-tricks
2024;Chronos: Antigo Testamento;Dhellanno Tavares;Max Pfeffer;;;;;;77092;https://ludopedia.com.br/jogo/chronos-antigo-testamento
2024;Cidade Dorme Masquerade;Davi X Rodrigues;;;;;;;65771;https://ludopedia.com.br/jogo/cidade-dorme-masquerade?v=
2024;Cthulhu: Sete Selos;Eurico Cunha Neto;;;;;;;65095;https://ludopedia.com.br/jogo/cthulhu-seven-seals
2024;Cuinhambane;Hélia Vannucchi;Maria Amiden dos Santos;Paulo Lenço (Vermelho);Pedro Artur;Rhael Santos;Willian Cocito;;85907;https://ludopedia.com.br/jogo/cuinhambane?v=
2024;Decolar Corp;Danilo Valente;;;;;;;75599;https://ludopedia.com.br/jogo/decolar-corp
2024;Desafio Geek;Kátia Kurianski;;;;;;;67740;https://ludopedia.com.br/jogo/desafio-geek
2024;Dicionautas;Bianca Melyna;;;;;;;70194;https://ludopedia.com.br/jogo/dicionautas
2024;Dobro: Pixar;Fel Barros;Lucas Castanho;Pedro Vinicius;;;;;66291;https://ludopedia.com.br/jogo/dobro-pixar?v=
2024;Duelo de Vogais;Kátia Kurianski;;;;;;;67602;https://ludopedia.com.br/jogo/duelo-de-vogais
2024;É Pizza Memo!;Léo Mathias;;;;;;;66888;https://ludopedia.com.br/jogo/e-pizza-memo
2024;Elephant Rally;André Zatz;Sérgio Halaban;;;;;;27835;https://ludopedia.com.br/jogo/elephant-rally?v=
2024;ElvenTrolls;Gaetano Foschini;;;;;;;65490;https://ludopedia.com.br/jogo/elventrolls
2024;Evo (I);Antonio Zumpano;;;;;;;63022;https://ludopedia.com.br/jogo/evo-i?v=
2024;Faith Battle;Lucas Duarte;;;;;;;62689;https://ludopedia.com.br/jogo/faith-battle
2024;Falcon Tactics;Eduardo Santini;;;;;;;58253;https://ludopedia.com.br/jogo/falcon-tactics?v=
2024;Fé Radical;Rony Fagundes;;;;;;;76179;https://ludopedia.com.br/jogo/fe-radical
2024;Feljong;Fel Barros;;;;;;;66494;https://ludopedia.com.br/jogo/feljong
2024;Fibonachos (2ª Edição);Jordy Adan;;;;;;;71900;https://ludopedia.com.br/jogo/fibonachos-2-edicao
2024;Fishing Rummy;Igor 74 Bueno;;;;;;;78680;https://ludopedia.com.br/jogo/fishing-rummy
2024;Força & Poder;Ana Verena;Gerson Gomes;;;;;;78101;https://ludopedia.com.br/jogo/forca-poder?v=
2024;Formula POP;Edu Pomper;Edu Reis;Eduardo Guerra;;;;;68399;https://ludopedia.com.br/jogo/formula-pop?v=
2024;Frango Frito;Emivaldo Sousa;;;;;;;72335;https://ludopedia.com.br/jogo/frango-frito
2024;Frosty;Kátia Kurianski;;;;;;;67736;https://ludopedia.com.br/jogo/frosty
2024;Fucazul!;Diego Antunes;;;;;;;57548;https://ludopedia.com.br/jogo/fucazul
2024;Fuga do Sanatório Moreau;Jovi Bezerra;Ricardo Wendel;;;;;;58247;https://ludopedia.com.br/jogo/fuga-do-sanatorio-moreau
2024;Gangue do Palhaço;João Toledo;;;;;;;73630;https://ludopedia.com.br/jogo/gangue-do-palhaco
2024;Gatos de Ulthar;Hugo Bustilho;;;;;;;66889;https://ludopedia.com.br/jogo/gatos-de-ulthar
2024;Gira Trilhos;Roj Ventura;;;;;;;66887;https://ludopedia.com.br/jogo/gira-trilhos
2024;Go Bomb!;Eurico Cunha Neto;;;;;;;65047;https://ludopedia.com.br/jogo/go-bomb
2024;Golaço;Mário Lúcio Zico;;;;;;;64919;https://ludopedia.com.br/jogo/golaco
2024;Guardian Super Force;Edu Pomper;Edu Reis;Eduardo Guerra;;;;;69099;https://ludopedia.com.br/jogo/guardian-super-force?v=
2024;Guardiões do Rio;Gabriele Lopes;;;;;;;72343;https://ludopedia.com.br/jogo/guardioes-do-rio
2024;Kobbbrix;Moisés Pacheco de Souza;;;;;;;52604;https://ludopedia.com.br/jogo/kobbbrix
2024;Kokeshi;André Teruya Eichemberg;Igor Knop;;;;;;63332;https://ludopedia.com.br/jogo/kokeshi
2024;Lapso;Rodrigo Mota Narcizo;;;;;;;61742;https://ludopedia.com.br/jogo/lapso
2024;Loira do Banheiro;Rogério Lourenço;;;;;;;64098;https://ludopedia.com.br/jogo/loira-do-banheiro
2024;Mamutensão;Alexander Francisco;;;;;;;57912;https://ludopedia.com.br/jogo/mamutensao
2024;Máquina dos Sonhos;Rogério Lourenço;;;;;;;70145;https://ludopedia.com.br/jogo/maquina-dos-sonhos
2024;Marajoara;Daniel de Lucca;;;;;;;54146;https://ludopedia.com.br/jogo/marajoara
2024;Marvel Zombies: X-Men Resistance;Fabio Cury;;;;;;;34906;https://ludopedia.com.br/jogo/marvel-zombies-x-men-resistance
2024;Masmorras & Marmitas;Caio Romero;;;;;;;83179;https://ludopedia.com.br/jogo/masmorras-marmitas
2024;Masmorras de Sempreterna - Temporada 2;Guilherme Haenisch;;;;;;;77647;https://ludopedia.com.br/jogo/masmorras-de-sempreterna-temporada-2
2024;Masmorras de Sempreterna - Temporada 3;Guilherme Haenisch;;;;;;;77648;https://ludopedia.com.br/jogo/masmorras-de-sempreterna-temporada-3
2024;Matryoshka (Segunda Edição);Sérgio Halaban;;;;;;;66448;https://ludopedia.com.br/jogo/matryoshka-segunda-edicao
2024;Me Enganei;Thiago Leite;;;;;;;53842;https://ludopedia.com.br/jogo/me-enganei
2024;Meeple Up!;Sanderson Virgolino;;;;;;;17519;https://ludopedia.com.br/jogo/meeple-up
2024;Meio;Fel Barros;Mauricio Torselli;;;;;;69894;https://ludopedia.com.br/jogo/meio
2024;Meu Primeiro Black Power;Rennan Gonçalves;Sanderson Virgolino;;;;;;72339;https://ludopedia.com.br/jogo/meu-primeiro-black-power
2024;Micromend;Rômulo Machado;;;;;;;77031;https://ludopedia.com.br/jogo/micromend
2024;MiniHex;Rômulo Machado;;;;;;;77027;https://ludopedia.com.br/jogo/minihex
2024;Mirianth Wars;Nicholas Paschalis;;;;;;;43317;https://ludopedia.com.br/jogo/mirianth-wars
2024;Monstruosa;Dharilya Sales;Pedro Leonelli;;;;;;72472;https://ludopedia.com.br/jogo/monstruosa
2024;Muamba;Gaetano Foschini;;;;;;;63683;https://ludopedia.com.br/jogo/muamba
2024;Naftalink;Gustavo Barreto;Leandro Maciel;;;;;;66561;https://ludopedia.com.br/jogo/naftalink
2024;Não me Toca, Seu Boboca: Fuga da Casa 75;Andrea Viviana Taubman;Daniel de Sant'Anna Martins;;;;;;66259;https://ludopedia.com.br/jogo/nao-me-toca-seu-boboca-fuga-da-casa-75
2024;Nem a Pato!;Rodrigo Rego;;;;;;;55059;https://ludopedia.com.br/jogo/how-dare-you
2024;NOH;Gaetano Foschini;;;;;;;56543;https://ludopedia.com.br/jogo/noh
2024;O Bom, o Mau e o Bode;Sérgio Halaban;;;;;;;66306;https://ludopedia.com.br/jogo/o-bom-o-mau-e-o-bode
2024;O Último Dado;Luiz Miguel Veloso Freire;;;;;;;63029;https://ludopedia.com.br/jogo/o-ultimo-dado?v=
2024;Oikos;Edu Reis;;;;;;;64128;https://ludopedia.com.br/jogo/oikos
2024;ONDA;Arthur Lacerda;;;;;;;63843;https://ludopedia.com.br/jogo/onda
2024;Panda Rei;Rafael M. Verri;;;;;;;66310;https://ludopedia.com.br/jogo/panda-rei
2024;Passaporte Mundo;Rodrigo Rego;;;;;;;62987;https://ludopedia.com.br/jogo/passaporte-mundo
2024;Pataquada;Airton Braga da Silva;;;;;;;54804;https://ludopedia.com.br/jogo/pataquada
2024;Patifaria +18;Ana Triz;;;;;;;64276;https://ludopedia.com.br/jogo/patifaria-18?v=
2024;Patinhos de Bo'Racha;Rogério Lourenço;Ronald Halliday;;;;;;66289;https://ludopedia.com.br/jogo/patinhos-de-bo-racha
2024;Persona non Grata;Sérgio Halaban;;;;;;;25223;https://ludopedia.com.br/jogo/persona-non-grata
2024;Pets! On Board;Rodrigo Lisboa;;;;;;;65094;https://ludopedia.com.br/jogo/pets-on-board
2024;Pisanki;Sérgio Halaban;;;;;;;65371;https://ludopedia.com.br/jogo/pisanki
2024;Poranduba - Cartas de Cultura;Andriolli Costa;;;;;;;32999;https://ludopedia.com.br/jogo/poranduba-cartas-de-cultura?v=
2024;Procissão das Almas;Gustavo Barreto;;;;;;;73617;https://ludopedia.com.br/jogo/procissao-das-almas
2024;Qu4to (Quato);Paulo Oliveira;;;;;;;62697;https://ludopedia.com.br/jogo/qu4to-quato
2024;Qual é o Número?;Kátia Kurianski;;;;;;;67649;https://ludopedia.com.br/jogo/qual-e-o-numero
2024;Quermesse;Filipe Fonseca;Luiz Fernando;;;;;;66452;https://ludopedia.com.br/jogo/quermesse
2024;Quix! Segunda Edição;Gabriel Calderon;Guilherme Marques;Marco Aurélio Tayt-Son;;;;;66564;https://ludopedia.com.br/jogo/quix-segunda-edicao?v=
2024;REF! O Jogo das Referências;Daniel Ivo;Evandro Parreira;Guarabyra Torro;;;;;53658;https://ludopedia.com.br/jogo/ref-o-jogo-das-referencias?v=
2024;Revanche Futebol Cards;Ronald Halliday;;;;;;;16645;https://ludopedia.com.br/jogo/revanche-futebol-cards
2024;Revolução dos Bichos;Ricardo Couto;;;;;;;70152;https://ludopedia.com.br/jogo/revolucao-dos-bichos
2024;Ritos Ancestrais;Hugo Bustilho;;;;;;;42887;https://ludopedia.com.br/jogo/ritos-ancestrais?v=
2024;Ritus;Gabriel Ramirez;;;;;;;25433;https://ludopedia.com.br/jogo/ritus
2024;Rolling Ranch: Celeiros & Rebanhos;Jordy Adan;;;;;;;66307;https://ludopedia.com.br/jogo/rolling-ranch-celeiros-rebanhos
2024;RPage!: The Lair of the Adorned Worm;Rômulo Machado;;;;;;;77028;https://ludopedia.com.br/jogo/rpage-the-lair-of-the-adorned-worm
2024;Sambiki Saru;André Teruya Eichemberg;Igor Knop;Robert Coelho;Sérgio Halaban;;;;66533;https://ludopedia.com.br/jogo/sambiki-saru
2024;Scooby Doo: Hotel Mal Assombrado;Diego de Oliveira;Gustavo Barreto;;;;;;66338;https://ludopedia.com.br/jogo/scooby-doo-hotel-mal-assombrado
2024;Septeto Desbravadores;Vinicius A. Miranda;;;;;;;79710;https://ludopedia.com.br/jogo/septeto-desbravadores
2024;Septeto Smilingüido;Vinicius A. Miranda;;;;;;;79709;https://ludopedia.com.br/jogo/septeto-smiling-ido
2024;Shimp;Gustavo Barreto;;;;;;;66899;https://ludopedia.com.br/jogo/shimp
2024;Sideral - Fusão Galáctica;Filipe Fonseca;Luiz Fernando;;;;;;62101;https://ludopedia.com.br/jogo/sideral-fusao-galactica
2024;Skim Session;Diego Antunes;;;;;;;40127;https://ludopedia.com.br/jogo/skim-session
2024;Sleepy Cats;Eurico Cunha Neto;;;;;;;56208;https://ludopedia.com.br/jogo/sleepy-cats
2024;Spiky Go!;Alexandre Reis;;;;;;;65035;https://ludopedia.com.br/jogo/spiky-go
2024;Street Art;Rennan Gonçalves;;;;;;;24232;https://ludopedia.com.br/jogo/street-art
2024;Tomalle;Roj Ventura;;;;;;;66828;https://ludopedia.com.br/jogo/tomalle
2024;Tributo a Mondrian;Danilo Valente;;;;;;;62044;https://ludopedia.com.br/jogo/tributo-a-mondrian
2024;Trimod;Rômulo Machado;;;;;;;66454;https://ludopedia.com.br/jogo/trimod?v=
2024;Turma S.O.S - Em Busca de Um Lar Seguro;Maicon Lopes Nonato;;;;;;;64147;https://ludopedia.com.br/jogo/turma-sos-em-busca-de-um-lar-seguro
2024;Tutan Tumba;Renato Keiteris;;;;;;;34778;https://ludopedia.com.br/jogo/tutan-tumba
2024;Urbs;Robert Coelho;;;;;;;65752;https://ludopedia.com.br/jogo/urbs
2024;Vamos Cantar com 3 Palavrinhas;Vinicius A. Miranda;;;;;;;65765;https://ludopedia.com.br/jogo/vamos-cantar-com-3-palavrinhas
2024;Van Gogh;André Teruya Eichemberg;;;;;;;19781;https://ludopedia.com.br/jogo/van-gogh
2024;Véio do Saco;João Toledo;;;;;;;66293;https://ludopedia.com.br/jogo/veio-do-saco
2024;Velociraptores;Hugo Bustilho;;;;;;;63293;https://ludopedia.com.br/jogo/velociraptores
2024;Vôlei 90;Igor 74 Bueno;;;;;;;78679;https://ludopedia.com.br/jogo/volei-90
2024;Zax!;André Domicciano;;;;;;;66558;https://ludopedia.com.br/jogo/zax
2023;66;Caio Romero;;;;;;;63359;https://ludopedia.com.br/jogo/66
2023;A Roda do Tarot;Talita Cardoso Lima;;;;;;;60380;https://ludopedia.com.br/jogo/a-roda-do-tarot
2023;Adinkra;José Everson;;;;;;;46925;https://ludopedia.com.br/jogo/adinkra?v=
2023;Àiyé;André Teruya Eichemberg;Igor Knop;;;;;;26577;https://ludopedia.com.br/jogo/aiye
2023;Amigos do Veneno;Larini Nicocelli;;;;;;;59008;https://ludopedia.com.br/jogo/amigos-do-veneno
2023;Batatas;Larini Nicocelli;;;;;;;60312;https://ludopedia.com.br/jogo/batatas
2023;Batman: Gotham City Sem Lei;Alessandro de Oliveira;Gustavo Barreto;;;;;;53973;https://ludopedia.com.br/jogo/batman-gotham-city-sem-lei
2023;Beaver Creek;Eurico Cunha Neto;;;;;;;36446;https://ludopedia.com.br/jogo/beaver-creek
2023;Bom Garoto;Gustavo Barreto;;;;;;;32966;https://ludopedia.com.br/jogo/bom-garoto
2023;Cabo da Roca;Antonio Zumpano;;;;;;;62903;https://ludopedia.com.br/jogo/cabo-da-roca
2023;Carta Nostra;Leandro Maciel;Pedro Matavelli Reina;;;;;;18772;https://ludopedia.com.br/jogo/carta-nostra
2023;Chaves: Confusões na Vila;Rafael M. Verri;;;;;;;52082;https://ludopedia.com.br/jogo/chaves-confusoes-na-vila
2023;Chulé;Luish Moraes Coelho;Renato Oliveira;;;;;;53927;https://ludopedia.com.br/jogo/chule
2023;Colour Pocker;Antonio Zumpano;;;;;;;62683;https://ludopedia.com.br/jogo/colour-pocker?v=
2023;Constelar;Hélia Vannucchi;Paulo Lenço (Vermelho);;;;;;53590;https://ludopedia.com.br/jogo/constelar
2023;Contei;Érica Calil Nogueira;;;;;;;60246;https://ludopedia.com.br/jogo/contei?v=
2023;Corre Pirata;Beto Feres;Fárell Oliveira;Roj Ventura;;;;;63372;https://ludopedia.com.br/jogo/corre-pirata?v=
2023;Cowboys Acelerados no Espaço;Marco Aurelio Amaral;;;;;;;63937;https://ludopedia.com.br/jogo/cowboys-acelerados-no-espaco
2023;Cruz de Malta;Antonio Zumpano;;;;;;;62902;https://ludopedia.com.br/jogo/cruz-de-malta?v=
2023;Cultive;Laila Terra;Luciana Lima;;;;;;48106;https://ludopedia.com.br/jogo/cultive
2023;Delta 3;Antonio Zumpano;;;;;;;63111;https://ludopedia.com.br/jogo/delta-3?v=
2023;DesConfronto;Guilherme Haenisch;;;;;;;36201;https://ludopedia.com.br/jogo/desconfronto
2023;Desejos de Ano Novo;Hélia Vannucchi;Paulo Lenço (Vermelho);;;;;;85901;https://ludopedia.com.br/jogo/desejos-de-ano-novo
2023;Diversity;Lucas Nascimento;Rennan Gonçalves;Sanderson Virgolino;;;;;54054;https://ludopedia.com.br/jogo/diversity?v=
2023;Divicity;Fel Barros;Paulo Oliveira;;;;;;50392;https://ludopedia.com.br/jogo/divicity
2023;Dobrões;Rogerio Pivotto Menegari;;;;;;;41025;https://ludopedia.com.br/jogo/dobroes
2023;Dourado;Antonio Zumpano;;;;;;;62682;https://ludopedia.com.br/jogo/dourado
2023;draftCrawl;Luiz Bills;;;;;;;51002;https://ludopedia.com.br/jogo/draftcrawl
2023;É Top!?: Brasil;Leandro Pires;Rodrigo Rego;;;;;;61140;https://ludopedia.com.br/jogo/e-top-brasil
2023;É Top!?: Mais Variedades;Leandro Pires;Rodrigo Rego;;;;;;61139;https://ludopedia.com.br/jogo/e-top-mais-variedades
2023;Embates da Física;Carlos Silvestre Oliosa Pariz;Maik Lebarck Caliari;;;;;;64534;https://ludopedia.com.br/jogo/embates-da-fisica
2023;Engis;Marcos Macri;;;;;;;35743;https://ludopedia.com.br/jogo/engis
2023;Enquadrados;Chris Borges;Thalita Colombi;;;;;;58994;https://ludopedia.com.br/jogo/enquadrados
2023;Estranho no Ninho;Rodrigo Rego;;;;;;;52238;https://ludopedia.com.br/jogo/estranho-no-ninho
2023;Excelência;Edu Reis;;;;;;;41214;https://ludopedia.com.br/jogo/excelencia
2023;Favela Venceu;Lucas Nascimento;Rennan Gonçalves;Sanderson Virgolino;;;;;54055;https://ludopedia.com.br/jogo/favela-venceu
2023;Férias em Dupla;Luish Moraes Coelho;;;;;;;40988;https://ludopedia.com.br/jogo/ferias-em-dupla
2023;Fibonachos;Jordy Adan;;;;;;;44280;https://ludopedia.com.br/jogo/fibonachos
2023;Flip-it: Dança dos Tronos;André Teruya Eichemberg;;;;;;;31773;https://ludopedia.com.br/jogo/flip-it-danca-dos-tronos
2023;For the Quest;Bruno Sathler;J. M. Pimentel;;;;;;35772;https://ludopedia.com.br/jogo/for-the-quest
2023;Fora de Ordem;Leandro Pires;Rodrigo Rego;;;;;;35977;https://ludopedia.com.br/jogo/fora-de-ordem
2023;Formula 1991;Eduardo Santini;;;;;;;53758;https://ludopedia.com.br/jogo/formula-1991?v=
2023;Gaivotas;Bruno Miranda;;;;;;;60107;https://ludopedia.com.br/jogo/gaivotas
2023;Holótipo;Bárbara Moreci;;;;;;;54058;https://ludopedia.com.br/jogo/holotipo?v=
2023;Impromptu - O Jogo do Improviso;Robert Coelho;;;;;;;56453;https://ludopedia.com.br/jogo/impromptu-o-jogo-do-improviso
2023;Inteligentemente;Léo Mathias;Roj Ventura;;;;;;62897;https://ludopedia.com.br/jogo/inteligentemente
2023;Isso é meu!;Sérgio Halaban;;;;;;;52447;https://ludopedia.com.br/jogo/isso-e-meu
2023;Jogando com Lovecraft;Hugo Bustilho;;;;;;;50763;https://ludopedia.com.br/jogo/jogando-com-lovecraft
2023;Jornada Z;Diego Emanoel;;;;;;;30376;https://ludopedia.com.br/jogo/jornada-z
2023;Lavanda;Antonio Zumpano;;;;;;;62470;https://ludopedia.com.br/jogo/lavanda
2023;Link - Arquitetura no Brasil;Eduardo Andrade;;;;;;;59581;https://ludopedia.com.br/jogo/link-arquitetura-no-brasil
2023;Marvel Zombies;Fabio Cury;;;;;;;33938;https://ludopedia.com.br/jogo/marvel-zombies-a-zombicide-game
2023;Marvel Zombies: Heroes' Resistance;Fabio Cury;;;;;;;37052;https://ludopedia.com.br/jogo/marvel-zombies-heroes-resistance
2023;Masmorras de Sempreterna - Temporada 1;Guilherme Haenisch;;;;;;;64538;https://ludopedia.com.br/jogo/masmorras-de-sempreterna-temporada-1
2023;Mexe Letras;Léo Mathias;Roj Ventura;;;;;;74385;https://ludopedia.com.br/jogo/mexe-letras
2023;Mouse Maze;Leandro Pires;Rodrigo Rego;;;;;;35129;https://ludopedia.com.br/jogo/mouse-maze
2023;Muque Master;Dave Araújo;;;;;;;55824;https://ludopedia.com.br/jogo/muque-master
2023;Nuvens;André Teruya Eichemberg;Igor Knop;Robert Coelho;Sérgio Halaban;;;;53520;https://ludopedia.com.br/jogo/nuvens
2023;O Bom do Videogame;André Luiz Silva Negrão;Patrick Matheus;;;;;;21960;https://ludopedia.com.br/jogo/video-game-champion
2023;O Bom, O Mau e o Mexicano;João Carlos Piacente Caumo;;;;;;;51730;https://ludopedia.com.br/jogo/o-bom-o-mau-e-o-mexicano?v=
2023;O Vale dos Monstros II - A Invasão da Cidade;Marcos Macri;;;;;;;51007;https://ludopedia.com.br/jogo/o-vale-dos-monstros-ii-a-invasao-da-cidade
2023;Ordem e Regresso - Cardgame;Gabriel Garcia A. Castelo;;;;;;;41099;https://ludopedia.com.br/jogo/ordem-e-regresso-cardgame
2023;P do Quê?;Ana Flávia Balieiro;Dôuglas Ferreira;Hélia Vannucchi;Matheus Melo;Paulo Lenço (Vermelho);Pedro Artur;Willian Cocito;85899;https://ludopedia.com.br/jogo/p-do-que?v=
2023;Pangeia;Beto Feres;Fárell Oliveira;Roj Ventura;;;;;62823;https://ludopedia.com.br/jogo/pangeia?v=
2023;Parelha;Antonio Zumpano;;;;;;;62606;https://ludopedia.com.br/jogo/parelha?v=
2023;Passa Palavras;Eurico Cunha Neto;Patrick Matheus;;;;;;36449;https://ludopedia.com.br/jogo/passa-palavras
2023;Pega-Pega! Bichos da Fazenda;Thiago Queiroz (Paizinho, Vírgula);;;;;;;61039;https://ludopedia.com.br/jogo/pega-pega-bichos-da-fazenda?v=
2023;Pega-Pega! Folclore;Thiago Queiroz (Paizinho, Vírgula);;;;;;;61038;https://ludopedia.com.br/jogo/pega-pega-folclore
2023;Perpétua;Antonio Zumpano;;;;;;;62620;https://ludopedia.com.br/jogo/perpetua
2023;Pescado Novo;Renato Simões;;;;;;;45186;https://ludopedia.com.br/jogo/pescado-novo
2023;Pingo no I - Tabuleiro;M. César de Oliveira;;;;;;;65252;https://ludopedia.com.br/jogo/pingo-no-i-tabuleiro
2023;Porta das Lendas;Verônica Saiki;;;;;;;42139;https://ludopedia.com.br/jogo/porta-das-lendas
2023;Portal;Mário Sérgio;;;;;;;16406;https://ludopedia.com.br/jogo/portal
2023;Quartz: O Jogo de Cartas;Sérgio Halaban;;;;;;;52818;https://ludopedia.com.br/jogo/quartz-o-jogo-de-cartas
2023;Quatro Damas;Antonio Zumpano;;;;;;;62817;https://ludopedia.com.br/jogo/quatro-damas
2023;Quatro Estações;Edu Reis;;;;;;;19519;https://ludopedia.com.br/jogo/quatro-estacoes
2023;Race Day Stock Car Pro Series;Eduardo Castanho;Marcio Castanho;;;;;;60886;https://ludopedia.com.br/jogo/race-day-stock-car-pro-series
2023;Revelando Emoções;Éderson Ayres Castro;Thiago Köche;;;;;;53007;https://ludopedia.com.br/jogo/revelando-emocoes
2023;Rio 1808;Anderson Butilheiro;;;;;;;16365;https://ludopedia.com.br/jogo/rio-1808
2023;Rockor;Alexander Francisco;;;;;;;33382;https://ludopedia.com.br/jogo/rockor
2023;S ufo.co;Dan Leonardi;;;;;;;69930;https://ludopedia.com.br/jogo/s-ufo-co?v=
2023;Sanduíche (2ª edição);Verônica Saiki;;;;;;;59010;https://ludopedia.com.br/jogo/sanduiche-2-edicao
2023;Santa Kaos;André Domicciano;;;;;;;35117;https://ludopedia.com.br/jogo/santa-kaos
2023;Savernake Forest;Rodrigo Rego;;;;;;;39488;https://ludopedia.com.br/jogo/savernake-forest
2023;Schrödinger;André Teruya Eichemberg;Igor Knop;Robert Coelho;Sérgio Halaban;;;;53655;https://ludopedia.com.br/jogo/schrodinger
2023;Scooby-Doo!: The Board Game;Fred Perret;Guilherme Goulart;;;;;;38197;https://ludopedia.com.br/jogo/scooby-doo-the-board-game
2023;Screw UP: Bots & Nuts;Lukas Schwarzmeier;Rony Fagundes;;;;;;26165;https://ludopedia.com.br/jogo/s-crew-up-bots-nuts
2023;Slap!;Caio Bezerra;;;;;;;48235;https://ludopedia.com.br/jogo/slap
2023;Small Adventure;Eduardo Santini;;;;;;;39303;https://ludopedia.com.br/jogo/small-adventure
2023;Stellarium;Jorge Luís Rocha;Sabrina do Valle;;;;;;18485;https://ludopedia.com.br/jogo/stellarium
2023;Stonks;Luis Francisco;Robert Coelho;;;;;;52442;https://ludopedia.com.br/jogo/stonks
2023;Subatomica;Carlos Silvestre Oliosa Pariz;Maik Lebarck Caliari;;;;;;64531;https://ludopedia.com.br/jogo/subatomica
2023;Tabletop Arcade: Roll & Snake;Gabriel Toschi;;;;;;;49157;https://ludopedia.com.br/jogo/tabletop-arcade-roll-snake
2023;Tak Tik - Na Fazenda;Eduardo Caetano;;;;;;;51975;https://ludopedia.com.br/jogo/tak-tik-na-fazenda
2023;Tak Tik Dinossauros;Eduardo Caetano;;;;;;;81654;https://ludopedia.com.br/jogo/tak-tik-dinossauros
2023;Tavern Tussle;Luís Brüeh;;;;;;;52714;https://ludopedia.com.br/jogo/tavern-tussle
2023;Telma (3ª edição);Pedro Ometto;Victor Fernandes;;;;;;52872;https://ludopedia.com.br/jogo/telma-3-edicao
2023;Trilhas Urbanas;Beatriz Martinez;;;;;;;57320;https://ludopedia.com.br/jogo/trilhas-urbanas
2023;Troca o Troco;Leila Amâncio de Lima;;;;;;;61370;https://ludopedia.com.br/jogo/troca-o-troco
2023;Trudvang Legends;Fel Barros;Guilherme Goulart;;;;;;22754;https://ludopedia.com.br/jogo/trudvang-legends?v=
2023;UeStop! - Modus Operandi;Rafael M. Verri;;;;;;;76519;https://ludopedia.com.br/jogo/uestop-modus-operandi
2023;Várzea;André Teruya Eichemberg;Igor Knop;Robert Coelho;Sérgio Halaban;;;;53750;https://ludopedia.com.br/jogo/varzea
2023;Virou Gato;Ana Flávia Balieiro;Brenda Campos;Maria Amiden dos Santos;;;;;85906;https://ludopedia.com.br/jogo/virou-gato?v=
2023;Wanted - One Piece;Robert Coelho;;;;;;;56362;https://ludopedia.com.br/jogo/wanted-one-piece
2023;World Wonders;José R. Mendes;;;;;;;36707;https://ludopedia.com.br/jogo/world-wonders
2023;Xalingopolis;Beto Feres;Fárell Oliveira;Roj Ventura;;;;;61680;https://ludopedia.com.br/jogo/xalingopolis?v=
2023;ZAG;Luish Moraes Coelho;;;;;;;40321;https://ludopedia.com.br/jogo/zag
2023;Zombicide: Gear Up;Jordy Adan;Marco Portugal;;;;;;36480;https://ludopedia.com.br/jogo/zombicide-gear-up
2023;Zuera;Rafael Studart;;;;;;;35924;https://ludopedia.com.br/jogo/zuera
2022;Achô!;Thiago Queiroz (Paizinho, Vírgula);;;;;;;35979;https://ludopedia.com.br/jogo/acho
2022;Airport Rush;Anderson Butilheiro;;;;;;;25485;https://ludopedia.com.br/jogo/airport-rush
2022;Alien Vírus;Roj Ventura;;;;;;;36725;https://ludopedia.com.br/jogo/alien-virus
2022;Alieninjas;Fábio Arraes;;;;;;;35130;https://ludopedia.com.br/jogo/alieninjas
2022;Amota;Alexandre Palma;Hélia Vannucchi;Hellen Silvani;Paulo Lenço (Vermelho);Willian Cocito;;;85896;https://ludopedia.com.br/jogo/amota?v=
2022;Arbore;Glauber Cavassani;;;;;;;35142;https://ludopedia.com.br/jogo/arbore?v=
2022;Axé: A Energia dos Orixás (Versão 1);Rennan Gonçalves;Sanderson Virgolino;;;;;;42461;https://ludopedia.com.br/jogo/axe-a-energia-dos-orixas-versao-1
2022;Babel (II);Antonio Zumpano;;;;;;;62904;https://ludopedia.com.br/jogo/babel-ii
2022;Boratimê;Afonso H.C. Souza;Lucas Loiola;Washington Rayk;;;;;12892;https://ludopedia.com.br/jogo/boratime?v=
2022;Brasília: Um Jogo Politicamente Incorreto;Bruno Nogueira;Filipe Sousa;;;;;;30850;https://ludopedia.com.br/jogo/brasilia-um-jogo-politicamente-incorreto?v=
2022;Bravo!;Robert Coelho;;;;;;;35375;https://ludopedia.com.br/jogo/bravo
2022;Cães POP - Batalha de Likes;Dyon Enedi;;;;;;;36379;https://ludopedia.com.br/jogo/caes-pop-batalha-de-likes
2022;Cangaço;Sanderson Virgolino;;;;;;;13981;https://ludopedia.com.br/jogo/cangaco
2022;Carnavalesco;Ronald Halliday;;;;;;;21951;https://ludopedia.com.br/jogo/carnavalesco
2022;Cartógrafos: Heróis;Jordy Adan;;;;;;;25409;https://ludopedia.com.br/jogo/cartographers-heroes
2022;Confissões Proibidas;Vini Agliardi;;;;;;;57485;https://ludopedia.com.br/jogo/confissoes-proibidas
2022;Detetive - Oggi Game 2 jogos em 1;Martha Cardozo;;;;;;;41808;https://ludopedia.com.br/jogo/detetive-oggi-game-2-jogos-em-1
2022;Dinosaur DNA Card Game;Alvaro A. Correia;;;;;;;34791;https://ludopedia.com.br/jogo/dinosaur-dna-card-game?v=
2022;Distrito 6;Roberto Pinheiro;;;;;;;23753;https://ludopedia.com.br/jogo/distrito-6
2022;Dive Adventures;Rafael M. Verri;;;;;;;43304;https://ludopedia.com.br/jogo/dive-adventures
2022;Dobro;Fel Barros;Lucas Castanho;Pedro Vinicius;;;;;32777;https://ludopedia.com.br/jogo/dobro?v=
2022;DP6 - Deepsix;Nordan Manz;;;;;;;13388;https://ludopedia.com.br/jogo/dp6-deepsix
2022;Duelo - um jogo de argumentação;Thays Leonel;;;;;;;35315;https://ludopedia.com.br/jogo/duelo-um-jogo-de-argumentacao
2022;Duelo de Reinos;Hugo Bustilho;;;;;;;36939;https://ludopedia.com.br/jogo/duelo-de-reinos?v=
2022;Dwar7s: Inverno;Luís Brüeh;;;;;;;16765;https://ludopedia.com.br/jogo/dwar7s-winter
2022;É Top!?: Geek & Pop;Leandro Pires;Rodrigo Rego;;;;;;36057;https://ludopedia.com.br/jogo/e-top-geek-pop
2022;É Top!?: Natureza;Leandro Pires;Rodrigo Rego;;;;;;36058;https://ludopedia.com.br/jogo/e-top-natureza
2022;Eletrika;Lucas Machado Rodrigues;;;;;;;22959;https://ludopedia.com.br/jogo/eletrika
2022;Eu Nunca Malvadão;Vini Agliardi;;;;;;;49623;https://ludopedia.com.br/jogo/eu-nunca-malvadao
2022;Eu Nunca Mozão;Vini Agliardi;;;;;;;49624;https://ludopedia.com.br/jogo/eu-nunca-mozao
2022;Euro Champions;K-íto Werneck;;;;;;;33644;https://ludopedia.com.br/jogo/euro-champions?v=
2022;Fábricas Incríveis Cardgame;Alvaro A. Correia;;;;;;;34706;https://ludopedia.com.br/jogo/fabricas-incriveis-cardgame
2022;Front Total;Alexander Francisco;;;;;;;25341;https://ludopedia.com.br/jogo/front-total
2022;Fuga de Creta;Eurico Cunha Neto;Vinicius Alvim;;;;;;35941;https://ludopedia.com.br/jogo/fuga-de-creta
2022;Futegame;Julio Cesar;;;;;;;35754;https://ludopedia.com.br/jogo/futegame
2022;Galo da Madrugada;Lucas Nascimento;Rennan Gonçalves;Sanderson Virgolino;;;;;60109;https://ludopedia.com.br/jogo/galo-da-madrugada?v=
2022;Gataria;Fernando Cunha;;;;;;;19672;https://ludopedia.com.br/jogo/gataria
2022;Hokusai;Bianca Melyna;Moisés Pacheco de Souza;;;;;;21618;https://ludopedia.com.br/jogo/hokusai
2022;Imigrantes;Led Bacciotti;;;;;;;12461;https://ludopedia.com.br/jogo/imigrantes
2022;Keep the Heroes Out!;Luís Brüeh;;;;;;;31237;https://ludopedia.com.br/jogo/keep-the-heroes-out
2022;Liga EZEH de Futebol;Cao Zác;;;;;;;43795;https://ludopedia.com.br/jogo/liga-ezeh-de-futebol?v=
2022;Looney Tunes: Looney Boom;Leandro Maciel;Rogério Lourenço;;;;;;35813;https://ludopedia.com.br/jogo/looney-tunes-looney-boom
2022;Luna Maris;Ricardo Amaral;;;;;;;13280;https://ludopedia.com.br/jogo/luna-maris
2022;Masai;Rennan Gonçalves;Rogério Lourenço;;;;;;35304;https://ludopedia.com.br/jogo/masai
2022;Massive Darkness 2: Hellscape;Marco Portugal;;;;;;;26735;https://ludopedia.com.br/jogo/massive-darkness-2-hellscape
2022;Medusa Oschophoria;Célio S. Bastos;;;;;;;32773;https://ludopedia.com.br/jogo/medusa-oschophoria
2022;Mixtapes;André Teruya Eichemberg;Leonardo MacCrow Kume;;;;;;12634;https://ludopedia.com.br/jogo/mixtapes
2022;Monstros & Tesouros;Luiz Roberto Kotze;;;;;;;33831;https://ludopedia.com.br/jogo/monstros-tesouros?v=
2022;NUC Cards Boardgame - Era dos Homens;BSAL;;;;;;;36381;https://ludopedia.com.br/jogo/nuc-cards-boardgame-era-dos-homens
2022;O Grande Colecionador de Brinquedos;Rodrigo Sonnesso;;;;;;;35399;https://ludopedia.com.br/jogo/o-grande-colecionador-de-brinquedos
2022;Onde foi parar meu osso?;José Alves da Silva Junior;;;;;;;23733;https://ludopedia.com.br/jogo/onde-foi-parar-meu-osso
2022;Orquídea;Antonio Zumpano;;;;;;;63110;https://ludopedia.com.br/jogo/orquidea?v=
2022;Palavreado;Luiz Cláudio da Mata;Luiz Cláudio Silveira Duarte;;;;;;44886;https://ludopedia.com.br/jogo/palavreado
2022;Patifaria;Ana Triz;;;;;;;61779;https://ludopedia.com.br/jogo/patifaria
2022;Polarizando: a disputa narrativa na política brasileira;Guilherme Cianfarani;;;;;;;42431;https://ludopedia.com.br/jogo/polarizando-a-disputa-narrativa-na-politica-brasileira
2022;Quartz: O Jogo de Dados;Luis Francisco;Sérgio Halaban;;;;;;34371;https://ludopedia.com.br/jogo/quartz-the-dice-game
2022;Sirvam a Rainha;Alexander Francisco;;;;;;;41376;https://ludopedia.com.br/jogo/sirvam-a-rainha
2022;Sopalavras;Lucas Pereira;;;;;;;36047;https://ludopedia.com.br/jogo/sopalavras
2022;Sushi Rush;Daniel de Sant'Anna Martins;Leandro Pinto;;;;;;36089;https://ludopedia.com.br/jogo/sushi-rush
2022;The Cook-Off (Segunda Edição);Luis Francisco;;;;;;;25321;https://ludopedia.com.br/jogo/the-cook-off-segunda-edicao
2022;Tortus;Leonardo Franco;;;;;;;36317;https://ludopedia.com.br/jogo/tortus
2022;Três Cavalos;Antonio Zumpano;;;;;;;63109;https://ludopedia.com.br/jogo/tres-cavalos?v=
2022;Treta na Selva;Daniel Alves;Eurico Cunha Neto;;;;;;36187;https://ludopedia.com.br/jogo/rumble-jungle
2022;UeStop!;Rafael M. Verri;;;;;;;34940;https://ludopedia.com.br/jogo/uestop
2022;Vossa Excelência - Calamidade Pública;Fernando Augusto C. Prado;;;;;;;30786;https://ludopedia.com.br/jogo/vossa-excelencia-calamidade-publica
2022;Vossa Excelência - O Jogo Político (2ª Edição);Fernando Augusto C. Prado;Marcelo S. Dias;;;;;;36367;https://ludopedia.com.br/jogo/vossa-excelencia-o-jogo-politico-2-edicao
2021;# Tamo de Férias;Davi Maciel;Flávia Tamietti;Kerala Tamietti;Virgílio Couto;;;;33680;https://ludopedia.com.br/jogo/-tamo-de-ferias?v=
2021;7famílias;Marina Takejame;Thays Leonel;;;;;;31162;https://ludopedia.com.br/jogo/7familias
2021;7famílias - diversas como a gente;Thays Leonel;;;;;;;35318;https://ludopedia.com.br/jogo/7familias-diversas-como-a-gente
2021;Adinkras;Rennan Gonçalves;;;;;;;35008;https://ludopedia.com.br/jogo/adinkras
2021;Ah é, né?;Ricardo Lattaruli;;;;;;;25439;https://ludopedia.com.br/jogo/ah-e-ne
2021;Alimentação Seletiva;Luciana Bárbara da Silva;;;;;;;33373;https://ludopedia.com.br/jogo/alimentacao-seletiva
2021;Apagão: Ruas de Fúria;Gustavo Barreto;;;;;;;26085;https://ludopedia.com.br/jogo/apagao-ruas-de-furia
2021;Arena: The Contest;Alexandre Aboud;Clayton Machado;Danilo de Alcantara;;;;;12728;https://ludopedia.com.br/jogo/arena-the-contest
2021;Assalto no Colossus;Threemegisto;;;;;;;31886;https://ludopedia.com.br/jogo/assault-on-the-colossus?v=
2021;Belona;Cláudya Spíndola;Washington Albuquerque;;;;;;24435;https://ludopedia.com.br/jogo/belona
2021;Brazil: Imperial;José R. Mendes;;;;;;;14346;https://ludopedia.com.br/jogo/brazil-imperial
2021;Camisa 12;Rodrigo Rego;;;;;;;12717;https://ludopedia.com.br/jogo/camisa-12
2021;Corrida de Canetas;André Teruya Eichemberg;;;;;;;32788;https://ludopedia.com.br/jogo/corrida-de-canetas
2021;Cosmos;Diego de Moraes;;;;;;;16714;https://ludopedia.com.br/jogo/cosmos
2021;Dino Escape;Eduardo Andrade;;;;;;;32823;https://ludopedia.com.br/jogo/dino-escape
2021;Dogo Dash;Talita Rhein;;;;;;;26757;https://ludopedia.com.br/jogo/dogo-dash
2021;Dogs' Day;Sérgio Halaban;;;;;;;26674;https://ludopedia.com.br/jogo/dogs-day
2021;Don Capollo (Segunda Edição);Gustavo Barreto;;;;;;;33913;https://ludopedia.com.br/jogo/don-capollo-2-edicao
2021;Dragões - Guardiões da Memória;Fellype Coelho;Filipe Moura;;;;;;31818;https://ludopedia.com.br/jogo/dragoes-guardioes-da-memoria?v=
2021;Dungeons of Kards: Edição 1 - O Começo;Eduardo Santini;;;;;;;33059;https://ludopedia.com.br/jogo/dungeons-of-kards-edicao-1-o-comeco
2021;Dungeons of Kards: Edição 2 - Templo Gelado;Eduardo Santini;;;;;;;34794;https://ludopedia.com.br/jogo/dungeons-of-kards-edicao-2-templo-gelado
2021;Dwar7s Fall (Terceira Edição);Luís Brüeh;;;;;;;32321;https://ludopedia.com.br/jogo/dwar7s-fall-terceira-edicao
2021;Dwar7s Spring;Luís Brüeh;;;;;;;23514;https://ludopedia.com.br/jogo/dwar7s-spring
2021;É Top!?: Variedades;Leandro Pires;Rodrigo Rego;;;;;;31739;https://ludopedia.com.br/jogo/e-top-variedades
2021;Erê - O Jogo dos Orixás;Raphael Carmo;;;;;;;28678;https://ludopedia.com.br/jogo/ere-o-jogo-dos-orixas
2021;Floresta Encantada;André Zatz;Sérgio Halaban;Sílvia Zatz;;;;;30706;https://ludopedia.com.br/jogo/floresta-encantada?v=
2021;Formas;Ralph Gomes;;;;;;;31774;https://ludopedia.com.br/jogo/formas?v=
2021;Gran Circo (3ª edição);Marcos Macri;;;;;;;34275;https://ludopedia.com.br/jogo/gran-circo-3-edicao
2021;Hello Kitty & Amigos: Um dia para Relaxar;Gustavo Barreto;;;;;;;34155;https://ludopedia.com.br/jogo/hello-kitty-amigos-um-dia-para-relaxar
2021;Herdeiros do Khan;Lucas Ribeiro;Rodrigo Rego;;;;;;17320;https://ludopedia.com.br/jogo/herdeiros-do-khan
2021;Jogo Sapiens;Natricio Almeida;;;;;;;32851;https://ludopedia.com.br/jogo/jogo-sapiens
2021;Kardnarök;Alexander Francisco;;;;;;;21976;https://ludopedia.com.br/jogo/kardnarok
2021;Kron;Eduardo Myr;;;;;;;6559;https://ludopedia.com.br/jogo/kron?v=
2021;Ludus;Robert Coelho;Romir Paulino;;;;;;32582;https://ludopedia.com.br/jogo/ludus
2021;Mar de Mentiras;Bruno Zinneck;Vinicius Szabo;;;;;;30893;https://ludopedia.com.br/jogo/mar-de-mentiras
2021;Marãná;Felipe Galery;;;;;;;23463;https://ludopedia.com.br/jogo/marana
2021;Mestre dos Vinhos Tintos do Mundo;Marcos Gomez;;;;;;;31278;https://ludopedia.com.br/jogo/mestre-dos-vinhos-tintos-do-mundo?v=
2021;Navio Pirata;Beto Feres;;;;;;;31409;https://ludopedia.com.br/jogo/navio-pirata
2021;Neon;Andre Luiz Greboge;;;;;;;31781;https://ludopedia.com.br/jogo/neon
2021;Night Parade of a Hundred Yokai;Luís Brüeh;;;;;;;25253;https://ludopedia.com.br/jogo/night-parade-of-a-hundred-yokai
2021;O Cerrado é o Bicho!;Marcelo Kuhlmann;;;;;;;31945;https://ludopedia.com.br/jogo/o-cerrado-e-o-bicho
2021;Os 3 Porquinhos;Rogério Lourenço;;;;;;;32958;https://ludopedia.com.br/jogo/os-3-porquinhos
2021;Os Desejos do Sultão;Bruno Viana;Fábio Arraes;;;;;;25167;https://ludopedia.com.br/jogo/os-desejos-do-sultao
2021;Papertown;Rodrigo Rego;;;;;;;11591;https://ludopedia.com.br/jogo/papertown
2021;Peaky Blinders: Birmingham Domain;Marcos Macri;;;;;;;32894;https://ludopedia.com.br/jogo/peaky-blinders-birmingham-domain
2021;Pets;Marcos Macri;;;;;;;31147;https://ludopedia.com.br/jogo/pets
2021;Punhalada;Mauro Romeo;;;;;;;28901;https://ludopedia.com.br/jogo/punhalada?v=
2021;Rock&Roll&Write;Caio Romero;;;;;;;30381;https://ludopedia.com.br/jogo/rock-roll-write?v=
2021;Savage;Sandro Tomasetti;;;;;;;32453;https://ludopedia.com.br/jogo/savage
2021;Shakespeare: Sonhos de um Bardo;Robert Coelho;;;;;;;7943;https://ludopedia.com.br/jogo/shakespeare-sonhos-de-um-bardo
2021;Sheriff of Nottingham (2ª Edição);André Zatz;Sérgio Halaban;;;;;;24699;https://ludopedia.com.br/jogo/sheriff-of-nottingham-2nd-edition
2021;Sombras e Masmorras;Leonardo Henrique da Silva de Andrade;;;;;;;30925;https://ludopedia.com.br/jogo/sombras-e-masmorras?v=
2021;Sudokan - Flip, Draw & Fight;Daniel Guimarães;Felipe Headley;;;;;;25158;https://ludopedia.com.br/jogo/sudokan-flip-draw-fight
2021;Time Machine Rocket;Fabio Michelan;;;;;;;26765;https://ludopedia.com.br/jogo/time-machine-rocket?v=
2021;ToteMonstros;Daniel de Sant'Anna Martins;Leandro Pinto;;;;;;14995;https://ludopedia.com.br/jogo/totemonstros
2021;Último andar! Vai subir?;Lucas P. de Aquino;;;;;;;32269;https://ludopedia.com.br/jogo/ultimo-andar-vai-subir?v=
2021;Um café, por favor.;Lucas P. de Aquino;;;;;;;31843;https://ludopedia.com.br/jogo/um-cafe-por-favor
2021;War: Game of Thrones;Vicente (Vince) Martin;;;;;;;34049;https://ludopedia.com.br/jogo/war-game-of-thrones
2021;Zurvivors Cooperação;Bruno Viana;Fábio Arraes;;;;;;26582;https://ludopedia.com.br/jogo/zurvivors-cooperacao
2020;A Lenda do Herói;Jorge Luís Rocha;;;;;;;25540;https://ludopedia.com.br/jogo/a-lenda-do-heroi
2020;Aprendendo a Bíblia com a Turma da Mônica;Richarde Guerra;;;;;;;44568;https://ludopedia.com.br/jogo/aprendendo-a-biblia-com-a-turma-da-monica
2020;Artefatos de Kashih;Tiago Junges;;;;;;;49558;https://ludopedia.com.br/jogo/artefatos-de-kashih
2020;Atol;Jordy Adan;;;;;;;24487;https://ludopedia.com.br/jogo/atol
2020;Bairro Zumbi;Tiago Junges;;;;;;;25193;https://ludopedia.com.br/jogo/bairro-zumbi?v=
2020;Café da Manhã;Felipe Blaso;Juliana Ribeiro;Marcelo La Carretta;Viviane Aguilar;;;;28719;https://ludopedia.com.br/jogo/cafe-da-manha?v=
2020;Combate ao Corona / A Invasão dos Monstros Sem Nome (Que Comem Tijolos);Fabian Balbinot;;;;;;;24901;https://ludopedia.com.br/jogo/combate-ao-corona-a-invasao-dos-monstros-sem-nome-que-comem-tijolos?v=arquivos
2020;Comic Hunters;Robert Coelho;;;;;;;26197;https://ludopedia.com.br/jogo/comic-hunters
2020;Corona Virus - O jogo;Cesar Sbrighi;;;;;;;24656;https://ludopedia.com.br/jogo/corona-virus-o-jogo?v=
2020;Corrida Maluca;Fabio Tola;;;;;;;19080;https://ludopedia.com.br/jogo/wacky-races-the-board-game
2020;Cowboys Acelerados;Marco Aurelio Amaral;;;;;;;25970;https://ludopedia.com.br/jogo/cowboys-acelerados
2020;Damn Joker!;Bianca Melyna;Moisés Pacheco de Souza;;;;;;24497;https://ludopedia.com.br/jogo/damn-joker?v=
2020;Dogs: Card Game;Marcos Macri;;;;;;;24623;https://ludopedia.com.br/jogo/dogs-card-game
2020;Drakkar Tum Tum;Alexander Francisco;;;;;;;26058;https://ludopedia.com.br/jogo/drakkar-tum-tum
2020;Emboscados;Rodrigo Rego;;;;;;;24556;https://ludopedia.com.br/jogo/emboscados
2020;Empilhando Emoções;Jersey Giuliano;;;;;;;26175;https://ludopedia.com.br/jogo/empilhando-emocoes
2020;Encanados + Expansão Ferramentas;Pedro Paulo Azevedo;;;;;;;27442;https://ludopedia.com.br/jogo/encanados-expansao-ferramentas
2020;Encantados (3ª Edição);Fel Barros;;;;;;;31030;https://ludopedia.com.br/jogo/encantados-3-edicao
2020;Enigma Sudoku;Lino de Macedo;M. César de Oliveira;;;;;;25581;https://ludopedia.com.br/jogo/enigma-sudoku
2020;Entre os Feixes;Rony Fagundes;;;;;;;24626;https://ludopedia.com.br/jogo/entre-os-feixes
2020;Espelho Espelho Meu;Jersey Giuliano;;;;;;;26182;https://ludopedia.com.br/jogo/espelho-espelho-meu
2020;Explorar;Ana Lucia Isabel Gonçalves;;;;;;;24352;https://ludopedia.com.br/jogo/explorar?v=
2020;Foco Total;Rosemara Vicente;;;;;;;26176;https://ludopedia.com.br/jogo/foco-total
2020;Fuga da Estação 52;Emanoel Melo;;;;;;;25368;https://ludopedia.com.br/jogo/escape-from-station-52?v=
2020;Futegoblins!;Tiago Junges;;;;;;;54919;https://ludopedia.com.br/jogo/futegoblins
2020;Habilidades de Enfrentamento - Aventura em Alto-Mar;Jersey Giuliano;;;;;;;26177;https://ludopedia.com.br/jogo/habilidades-de-enfrentamento-aventura-em-alto-mar
2020;Hero Wars Segunda Edição;Frederico Monteiro;Gebson Mendes da Silva;Odílio Noronha;Paulo Maia;Paulo Victor;;;16784;https://ludopedia.com.br/jogo/hero-wars-segunda-edicao?v=
2020;Histórias de Pescador - Edição Mini;Lucas Melo;;;;;;;26469;https://ludopedia.com.br/jogo/historias-de-pescador-edicao-mini
2020;Interceptor;Felipe Galery;Gabriel Santana;;;;;;24436;https://ludopedia.com.br/jogo/interceptor
2020;Jornada do Saber;Edu Reis;;;;;;;26119;https://ludopedia.com.br/jogo/jornada-do-saber
2020;Justa;Renato Marsolla;;;;;;;28604;https://ludopedia.com.br/jogo/justa
2020;Kd Meu Gato?;Pedro Marins;;;;;;;26574;https://ludopedia.com.br/jogo/kd-meu-gato
2020;Kerakatu;Alexander Francisco;;;;;;;24565;https://ludopedia.com.br/jogo/kerakatu
2020;Lençóis;Felipe Galery;Gabriel Santana;;;;;;24437;https://ludopedia.com.br/jogo/lencois
2020;Loot Doodles;Iaggo Piffero;;;;;;;25319;https://ludopedia.com.br/jogo/loot-doodles
2020;Marvel Battlegrounds;Led Bacciotti;Thiago Castro;;;;;;25344;https://ludopedia.com.br/jogo/marvel-battlegrounds
2020;Marvel Spider-Web;Gustavo Barreto;;;;;;;26196;https://ludopedia.com.br/jogo/marvel-spider-web
2020;Masmorra: Dungeons of Arcadia;Daniel Alves;Eurico Cunha Neto;Patrick Matheus;;;;;8915;https://ludopedia.com.br/jogo/masmorra-dungeons-of-arcadia?v=
2020;Micro Impérios;Adley de Oliveira;;;;;;;17602;https://ludopedia.com.br/jogo/micro-imperios
2020;Miraculum;Johnny Dias;;;;;;;26339;https://ludopedia.com.br/jogo/miraculum
2020;Motores em Fúria;Tiago Junges;;;;;;;29131;https://ludopedia.com.br/jogo/motores-em-furia
2020;O Cortiço;Saulo Gomes Thimoteo;;;;;;;25672;https://ludopedia.com.br/jogo/o-cortico
2020;Paper Dungeons: Um Jogo de Rabiscar Masmorras;Leandro Pires;;;;;;;23508;https://ludopedia.com.br/jogo/paper-dungeons-a-dungeon-scrawler-game
2020;Paranauê;Wagner Porto;;;;;;;22420;https://ludopedia.com.br/jogo/paranaue
2020;Perpetual Motion;Gabriel Toschi;;;;;;;24602;https://ludopedia.com.br/jogo/perpetual-motion
2020;Piratas! (3ª Edição);Pedro Sales;Renato Simões;;;;;;24637;https://ludopedia.com.br/jogo/piratas-3-edicao
2020;Porradaria;João Toledo;Jorgson Smith Jr;Thiago Hara;;;;;23809;https://ludopedia.com.br/jogo/porradaria-card-game?v=
2020;Revolta em San Villano;Diego de Moraes;Eduardo Guerra;;;;;;25064;https://ludopedia.com.br/jogo/revolta-em-san-villano
2020;Sanduíche;Verônica Saiki;;;;;;;28281;https://ludopedia.com.br/jogo/sanduiche-jogo-de-cartas
2020;Script Terror;Matheus Hoffmann;;;;;;;25096;https://ludopedia.com.br/jogo/script-terror?v=
2020;Seven Bridges;Ronald Halliday;;;;;;;22963;https://ludopedia.com.br/jogo/seven-bridges
2020;Seven Galaxies;William Borba;;;;;;;24320;https://ludopedia.com.br/jogo/seven-galaxies
2020;Sílabas de Ouro;Jersey Giuliano;;;;;;;26180;https://ludopedia.com.br/jogo/silabas-de-ouro
2020;Sir Holland: A Fuga da Torre;Alexandre Reis;Daniel Alves;Eurico Cunha Neto;;;;;17493;https://ludopedia.com.br/jogo/sir-holland-a-fuga-da-torre?v=
2020;Space Angle;Iaggo Piffero;;;;;;;25812;https://ludopedia.com.br/jogo/space-angle
2020;Sparsi! A Guerra dos Grãos;Rodrigo da Silva Soares;;;;;;;24290;https://ludopedia.com.br/jogo/sparsi-a-guerra-dos-graos
2020;Starcadia Quest;Fred Perret;Guilherme Goulart;Thiago Aranha;;;;;19448;https://ludopedia.com.br/jogo/starcadia-quest?v=
2020;Strained Kingdoms: Strifull - The Card Game;Adriel G. da Silva;Carlos Nascimento;;;;;;24766;https://ludopedia.com.br/jogo/strained-kingdoms-strifull-the-card-game
2020;Travessuras & Gostosuras;Fabrício Santos;;;;;;;25369;https://ludopedia.com.br/jogo/tricks-and-treats?v=
2020;Universo das Emoções;Juliana Negrão;;;;;;;26184;https://ludopedia.com.br/jogo/universo-das-emocoes
2020;Vai, Lobo!;Carolina Sanches;;;;;;;26510;https://ludopedia.com.br/jogo/vai-lobo
2020;Valknut;Luís Brüeh;;;;;;;24631;https://ludopedia.com.br/jogo/valknut
2019;A Elegia do Pássaro da Morte;Iaggo Piffero;;;;;;;23132;https://ludopedia.com.br/jogo/a-elegia-do-passaro-da-morte
2019;A Seita;Alessandro Luz;Willian Cocito;;;;;;22894;https://ludopedia.com.br/jogo/a-seita
2019;A Todo Vapor! Micro Jogo;Iaggo Piffero;;;;;;;23131;https://ludopedia.com.br/jogo/a-todo-vapor-micro-jogo
2019;Allumbra - O duelo;Tomás Queiroz;;;;;;;19604;https://ludopedia.com.br/jogo/allumbra-o-duelo
2019;As Torres de Arkhanos;Daniel Alves;Eurico Cunha Neto;;;;;;17492;https://ludopedia.com.br/jogo/the-towers-of-arkhanos
2019;Azzelij 2ª edição;Rodrigo Sampaio Rodriguez;;;;;;;21549;https://ludopedia.com.br/jogo/azzelij-2-edicao
2019;Brewitched;JG Guimarães;;;;;;;11798;https://ludopedia.com.br/jogo/brewitched
2019;Bushido;Sanderson Virgolino;;;;;;;15069;https://ludopedia.com.br/jogo/bushido
2019;Cartógrafos;Jordy Adan;;;;;;;21614;https://ludopedia.com.br/jogo/cartographers-a-roll-player-tale
2019;Castelo das Emoções;Bruno Martini Bonaldo;Manuela Ramos C. Lins;;;;;;23842;https://ludopedia.com.br/jogo/castelo-das-emocoes
2019;Cheap Chips;Gabriel Toschi;;;;;;;24603;https://ludopedia.com.br/jogo/cheap-chips
2019;Deusastrados;Alexander Francisco;;;;;;;23210;https://ludopedia.com.br/jogo/deusastrados
2019;Dice In Box;Murilo Machado Chaiben;;;;;;;24025;https://ludopedia.com.br/jogo/dice-in-box
2019;Die die DIE;Carlos Couto;Romulo Marques;;;;;;7220;https://ludopedia.com.br/jogo/die-die-die
2019;Dr. Smile;Mailson Kreidlow;;;;;;;22050;https://ludopedia.com.br/jogo/dr-smile
2019;Efeito Dominó - Jogando com as Emoções;José Salomão Schwartzman;Juliana Negrão;;;;;;23843;https://ludopedia.com.br/jogo/efeito-domino-jogando-com-as-emocoes
2019;Epic Battle 1;Rafael Ferreoli;;;;;;;21233;https://ludopedia.com.br/jogo/epic-battle-1
2019;God of War: The Card Game;Fel Barros;;;;;;;22015;https://ludopedia.com.br/jogo/god-of-war-the-card-game
2019;Happy Hour;Gustavo Barreto;;;;;;;22043;https://ludopedia.com.br/jogo/happy-hour
2019;Herdeiros das Estrelas: Arena Elemental;Iaggo Piffero;;;;;;;23133;https://ludopedia.com.br/jogo/herdeiros-das-estrelas-arena-elemental
2019;Heroes & Quests;Pedro Martins;;;;;;;20805;https://ludopedia.com.br/jogo/heroes-quests
2019;Heróis de San Villano;Eduardo Guerra;;;;;;;16713;https://ludopedia.com.br/jogo/herois-de-san-villano
2019;Histórias de Pescador;Lucas Melo;;;;;;;21702;https://ludopedia.com.br/jogo/historias-de-pescador
2019;La Muerte;Sanderson Virgolino;;;;;;;11632;https://ludopedia.com.br/jogo/la-muerte?v=
2019;La Muse;Gaetano Foschini;;;;;;;19991;https://ludopedia.com.br/jogo/la-muse
2019;Lendas & Batalhas;Francisco Andrade;João Victor Lima;Pedro Degobbi;;;;;23472;https://ludopedia.com.br/jogo/lendas-batalhas?v=
2019;Maquinando: o Jogo da Revolução Industrial;Carolina Modaneze;Gabriel Calou;;;;;;24304;https://ludopedia.com.br/jogo/maquinando-o-jogo-da-revolucao-industrial
2019;Meeple Heist;Emivaldo Sousa;Thiago Boaventura;;;;;;14979;https://ludopedia.com.br/jogo/meeple-heist
2019;Memorelas;Joana Schossler;;;;;;;28028;https://ludopedia.com.br/jogo/memorelas
2019;Miau Miau Bée;Iaggo Piffero;;;;;;;23615;https://ludopedia.com.br/jogo/miau-miau-bee
2019;Orbs;Raubher Borba;;;;;;;18312;https://ludopedia.com.br/jogo/orbs
2019;Pablo (2ª Edição);Kevly Ciesca;Marcos Mayora;;;;;;22066;https://ludopedia.com.br/jogo/pablo-segunda-edicao
2019;Pseudociência;Walter Bolitto Carvalho;;;;;;;23732;https://ludopedia.com.br/jogo/pseudociencia?v=
2019;Quero-Quero;Isabel Butcher;Tânia Zaverucha do Valle;;;;;;16316;https://ludopedia.com.br/jogo/quero-quero
2019;Quix!;Marco Aurélio Tayt-Son;;;;;;;20060;https://ludopedia.com.br/jogo/quix
2019;Renda Passiva;Daniel Frechiani;;;;;;;21948;https://ludopedia.com.br/jogo/renda-passiva
2019;Responda tudo cantando música;Paulo Tadeu;;;;;;;77579;https://ludopedia.com.br/jogo/responda-tudo-cantando-musica
2019;RPGQuest Dungeons;Marcelo Del Debbio;;;;;;;19498;https://ludopedia.com.br/jogo/rpgquest-dungeons
2019;Saco de Ossos;Eduardo Caetano;;;;;;;22064;https://ludopedia.com.br/jogo/saco-de-ossos
2019;Saco de Ossos Verde e Roxo;Eduardo Caetano;;;;;;;22395;https://ludopedia.com.br/jogo/saco-de-ossos-verde-e-roxo
2019;Se liga no SE!;Jaime Zorzi;;;;;;;23862;https://ludopedia.com.br/jogo/se-liga-no-se
2019;Senda Zen;Eduardo Caetano;;;;;;;22065;https://ludopedia.com.br/jogo/senda-zen
2019;Sereias;Jorge Luís Rocha;Sabrina do Valle;;;;;;14805;https://ludopedia.com.br/jogo/sereias
2019;Sirvam o Rei;Joshua Kritz;;;;;;;23294;https://ludopedia.com.br/jogo/sirvam-o-rei
2019;Sobrevivência na Amazônia;Roberto Tostes;;;;;;;13301;https://ludopedia.com.br/jogo/sobrevivencia-na-amazonia
2019;Suit Express;Gabriel Toschi;;;;;;;24604;https://ludopedia.com.br/jogo/suit-express
2019;Telma (2ª Edição);Pedro Ometto;;;;;;;24032;https://ludopedia.com.br/jogo/telma-2-edicao
2019;Tintas;Gebson Mendes da Silva;Paulo Maia;Paulo Victor;;;;;23441;https://ludopedia.com.br/jogo/tintas
2019;Triora: Cidade das Bruxas;Michael C. Alves;;;;;;;14945;https://ludopedia.com.br/jogo/triora-cidade-das-bruxas
2019;Tsukiji;Leandro Pires;;;;;;;6850;https://ludopedia.com.br/jogo/tsukiji
2019;Valente - O amor em jogo;Renato Simões;;;;;;;19455;https://ludopedia.com.br/jogo/valente-o-amor-em-jogo
2019;Vampire Quest;Johnny Dias;;;;;;;24282;https://ludopedia.com.br/jogo/vampire-quest?v=
2019;Vela;Felipe Galery;Gabriel Santana;;;;;;23093;https://ludopedia.com.br/jogo/vela
2019;Zurvivors;Bruno Viana;Fábio Arraes;;;;;;20182;https://ludopedia.com.br/jogo/zurvivors
2018;Action!: O Jogo de Cinema!;Pedro Raia;;;;;;;19989;https://ludopedia.com.br/jogo/action-o-jogo-de-cinema
2018;Akigam;Rodrigo Zaramella;;;;;;;9879;https://ludopedia.com.br/jogo/akigam
2018;Arcadia Quest: Inferno;Fred Perret;Guilherme Goulart;Thiago Aranha;;;;;8201;https://ludopedia.com.br/jogo/arcadia-quest-inferno?v=
2018;Café Express;Kevin Talarico de Oliveira;Samanta Geraldini Talarico;;;;;;13655;https://ludopedia.com.br/jogo/cafe-express
2018;Chicago;Marcos Macri;;;;;;;18745;https://ludopedia.com.br/jogo/chicago
2018;Conversa a Dois;Ramsés Sohn;;;;;;;17902;https://ludopedia.com.br/jogo/conversa-a-dois
2018;Conversa Entre Pais e Filhos;Ramsés Sohn;;;;;;;17905;https://ludopedia.com.br/jogo/conversa-entre-pais-e-filhos
2018;Covil: Mestres das Trevas;Luís Brüeh;;;;;;;8691;https://ludopedia.com.br/jogo/covil-the-dark-overlords
2018;Crop Rotation: Bug Plague;Eduardo Guerra;;;;;;;15146;https://ludopedia.com.br/jogo/crop-rotation-bug-plague
2018;Dark City;Gustavo Barreto;;;;;;;8259;https://ludopedia.com.br/jogo/dark-city
2018;Dino Wars;Jordan Florio de Oliveira;;;;;;;18241;https://ludopedia.com.br/jogo/dino-wars
2018;Encantados (2ª Edição);Fel Barros;;;;;;;20268;https://ludopedia.com.br/jogo/encantados-2-edicao
2018;Fing-o-saur;Iaggo Piffero;;;;;;;20725;https://ludopedia.com.br/jogo/fing-o-saur
2018;Futboard;José R. Mendes;;;;;;;16955;https://ludopedia.com.br/jogo/futboard
2018;Gnomopolis;Igor Knop;Patrick Matheus;;;;;;12755;https://ludopedia.com.br/jogo/gnomopolis
2018;GoGold;Erisvaldo Nascimento;;;;;;;18816;https://ludopedia.com.br/jogo/gogold
2018;Grasse - Mestres Perfumistas;Bianca Melyna;Moisés Pacheco de Souza;;;;;;9463;https://ludopedia.com.br/jogo/grasse
2018;Incríveis Inventoras e Suas Grandes Invenções;Carolina Modaneze;;;;;;;19987;https://ludopedia.com.br/jogo/incriveis-inventoras-e-suas-grandes-invencoes
2018;Jetpack Lhama;Iaggo Piffero;;;;;;;18601;https://ludopedia.com.br/jogo/jetpack-lhama
2018;Labyrinx;Daniel Braga;João Menezes (II);Thiago Matos;;;;;7914;https://ludopedia.com.br/jogo/labyrinx?v=
2018;Looterz: Rigor Mortis;Fel Barros;Marco Portugal;;;;;;18724;https://ludopedia.com.br/jogo/looterz-rigor-mortis
2018;Macacos me Mordam!;Graziela Grise;Isabel Butcher;;;;;;16315;https://ludopedia.com.br/jogo/macacos-me-mordam
2018;Magalhães Bastos;Iata Costa;;;;;;;18215;https://ludopedia.com.br/jogo/magalhaes-bastos
2018;Magic Flow;Iaggo Piffero;;;;;;;18930;https://ludopedia.com.br/jogo/magic-flow
2018;Mais de 100 Coisas Para Fazer Com Seus Filhos;Rosemara Vicente;;;;;;;17904;https://ludopedia.com.br/jogo/mais-de-100-coisas-para-fazer-com-seus-filhos
2018;Melvin Vs Kronk;Renato Simões;;;;;;;17204;https://ludopedia.com.br/jogo/melvin-vs-kronk
2018;New Eden Project;Kevin Talarico de Oliveira;Samanta Geraldini Talarico;;;;;;16737;https://ludopedia.com.br/jogo/new-eden-project
2018;Oggin - Rota do Tesouro;Toco Alexandre;;;;;;;17541;https://ludopedia.com.br/jogo/oggin-rota-do-tesouro
2018;Open Cases;Marcelo Kioshi Hirata;;;;;;;19997;https://ludopedia.com.br/jogo/open-cases
2018;Os Incríveis Parques de Miss Liz;Diego de Moraes;;;;;;;15238;https://ludopedia.com.br/jogo/os-incriveis-parques-de-miss-liz
2018;Overdrive;Bianca Melyna;Moisés Pacheco de Souza;;;;;;10003;https://ludopedia.com.br/jogo/overdrive
2018;Palavras Secretas da Ilha Goblin;Jersey Giuliano;;;;;;;20717;https://ludopedia.com.br/jogo/palavras-secretas-da-ilha-goblin
2018;Para Criar Minicontos;Ramsés Sohn;;;;;;;17886;https://ludopedia.com.br/jogo/para-criar-minicontos
2018;Patuscada;Daniel Cariello;Mauro Romeo;Raphael Socrates;;;;;19079;https://ludopedia.com.br/jogo/patuscada?v=
2018;Pélaghos;Ney Alencar;Roice Mello;Thiago Mello;;;;;14230;https://ludopedia.com.br/jogo/pelaghos?v=
2018;Pergunte Que Eu Respondo;Ramsés Sohn;;;;;;;17981;https://ludopedia.com.br/jogo/pergunte-que-eu-respondo
2018;Polícia e Ladrão Personalizado;Artur Gabriel;;;;;;;17008;https://ludopedia.com.br/jogo/policia-e-ladrao-personalizado?v=
2018;Pot de Vin;Fel Barros;Warny Marçano;;;;;;15127;https://ludopedia.com.br/jogo/pot-de-vin
2018;Resolvendo Conflitos;Ramsés Sohn;;;;;;;17982;https://ludopedia.com.br/jogo/resolvendo-conflitos
2018;Sci-Die;Iaggo Piffero;;;;;;;23194;https://ludopedia.com.br/jogo/sci-die
2018;Sudokiller;Iaggo Piffero;;;;;;;18953;https://ludopedia.com.br/jogo/sudokiller
2018;Super Brejas - O Jogo da Cerveja;Carolina Modaneze;;;;;;;18670;https://ludopedia.com.br/jogo/super-brejas-o-jogo-da-cerveja
2018;Tá na Mesa;Edu Reis;;;;;;;14015;https://ludopedia.com.br/jogo/ta-na-mesa
2018;Tao Long: O Caminho do Dragão;Dox Lucchin;Pedro Latro;;;;;;12139;https://ludopedia.com.br/jogo/tao-long-the-way-of-the-dragon
2018;Taquara-Castelo;Jorge Luís Rocha;Sabrina do Valle;;;;;;19864;https://ludopedia.com.br/jogo/taquara-castelo?v=
2018;Tempos de Lembrar;Ramsés Sohn;;;;;;;17903;https://ludopedia.com.br/jogo/tempos-de-lembrar
2018;Três Marias;Antonio Zumpano;;;;;;;62264;https://ludopedia.com.br/jogo/tres-marias
2018;Treta do anzol;Mário Sérgio;Rodrigo Sampaio Rodriguez;;;;;;19502;https://ludopedia.com.br/jogo/treta-do-anzol
2018;Uga-Uga Bufapum;Mário Sérgio;;;;;;;14261;https://ludopedia.com.br/jogo/uga-uga-bufapum
2018;Vossa Excelência - O Jogo Político;Fernando Augusto C. Prado;Marcelo S. Dias;;;;;;17612;https://ludopedia.com.br/jogo/vossa-excelencia-o-jogo-politico
2018;Xingu;Marcos Macri;;;;;;;18041;https://ludopedia.com.br/jogo/xingu
2018;Zener;Carlos Seabra;Fernando Fonseca Jr.;;;;;;17706;https://ludopedia.com.br/jogo/zener
2017;Anime Saga;Michael C. Alves;;;;;;;13531;https://ludopedia.com.br/jogo/anime-saga
2017;Azzelij;Rodrigo Sampaio Rodriguez;;;;;;;14648;https://ludopedia.com.br/jogo/azzelij?v=
2017;Battle Scenes - Confronto Aracnídeo;Fabian Balbinot;;;;;;;15311;https://ludopedia.com.br/jogo/battle-scenes-confronto-aracnideo
2017;Belo Jardim;Marta Giardini;;;;;;;16392;https://ludopedia.com.br/jogo/belo-jardim
2017;Condenados;Guto Kraft;;;;;;;15463;https://ludopedia.com.br/jogo/condenados
2017;Dwar7s: Outono;Luís Brüeh;;;;;;;10869;https://ludopedia.com.br/jogo/dwar7s-fall
2017;Enchanted Cubes;Eduardo Guerra;;;;;;;14623;https://ludopedia.com.br/jogo/enchanted-cubes
2017;Era dos Piratas;Sanderson Virgolino;;;;;;;15071;https://ludopedia.com.br/jogo/era-dos-piratas
2017;Fábrica dos Sonhos;Renato Morroni;Thiago Henrique Ferri;;;;;;14138;https://ludopedia.com.br/jogo/fabrica-dos-sonhos
2017;Fat Food;Gabi Silvares;Jota Ferreira;Luiz de Prá;Rafael Lodi;Thiago Penteado;;;11569;https://ludopedia.com.br/jogo/fat-food?v=
2017;FutCards;Fred Nemetala;;;;;;;15070;https://ludopedia.com.br/jogo/futcards
2017;Medievalia;Fel Barros;;;;;;;11986;https://ludopedia.com.br/jogo/medievalia
2017;Os Reinos de Drunagor;Daniel Alves;Eduardo Cavalcante;;;;;;9868;https://ludopedia.com.br/jogo/os-reinos-de-drunagor
2017;Ouro Oeste;VanWeber;;;;;;;44333;https://ludopedia.com.br/jogo/ouro-oeste?v=
2017;OVNI (Segunda Edição);Marcos Macri;;;;;;;14212;https://ludopedia.com.br/jogo/ovni-segunda-edicao
2017;Pablo (Primeira Edição);Marcos Mayora;;;;;;;12434;https://ludopedia.com.br/jogo/pablo-primeira-edicao
2017;Pega ossos;Mário Sérgio;;;;;;;14075;https://ludopedia.com.br/jogo/pega-ossos
2017;Piratas! - 2ª Edição;Pedro Sales;Renato Simões;;;;;;13398;https://ludopedia.com.br/jogo/piratas-2-edicao
2017;Pit Crew;Sandro Tomasetti;;;;;;;10611;https://ludopedia.com.br/jogo/pit-formula
2017;Possessão Arcana;Thiago Henrique Ferri;;;;;;;7225;https://ludopedia.com.br/jogo/possessao-arcana
2017;Rasher;Alexander Francisco;;;;;;;15006;https://ludopedia.com.br/jogo/rasher
2017;RPGQuest - A Jornada do Herói;Marcelo Del Debbio;;;;;;;12861;https://ludopedia.com.br/jogo/rpgquest-a-jornada-do-heroi
2017;Scippio;Bruno Carvalho;;;;;;;13700;https://ludopedia.com.br/jogo/scippio
2017;Shazam (segunda edição);Marcos Macri;;;;;;;2645;https://ludopedia.com.br/jogo/shazam-segunda-edicao
2017;Star Wars Despertar da Força;Sérgio Halaban;;;;;;;13022;https://ludopedia.com.br/jogo/star-wars-despertar-da-forca
2017;Super Senha;Warny Marçano;;;;;;;14984;https://ludopedia.com.br/jogo/super-senha
2017;Telma;Pedro Ometto;;;;;;;15018;https://ludopedia.com.br/jogo/telma
2017;Teotihuacãzinho;Roberto Pinheiro;;;;;;;17131;https://ludopedia.com.br/jogo/teotihuacazinho
2017;Teseu;Éderson Ayres Castro;;;;;;;12435;https://ludopedia.com.br/jogo/teseu
2017;The Rotfather: Contrabando;Rafael Arrivabene;;;;;;;13443;https://ludopedia.com.br/jogo/the-rotfather-contrabando
2017;Undead Arena;Lucas Nascimento;;;;;;;33835;https://ludopedia.com.br/jogo/undead-arena?v=
2017;Unfairy;Guilherme Marques;;;;;;;14321;https://ludopedia.com.br/jogo/unfairy
2017;WAR: Vikings;Vicente (Vince) Martin;;;;;;;16154;https://ludopedia.com.br/jogo/war-vikings
2017;Zueira Never Ends: Pug Life;Celso Zanini;Pablo Abraham;Saul Tamborena;;;;;14184;https://ludopedia.com.br/jogo/zueira-never-ends-pug-life?v=
2016;1692;Guilherme T. Rigolino;Humberto S. Fukuda;Marcelo Fraga;;;;;11573;https://ludopedia.com.br/jogo/1692?v=
2016;Arcadia Quest;Fred Perret;Guilherme Goulart;Thiago Aranha;;;;;2974;https://ludopedia.com.br/jogo/arcadia-quest?v=
2016;Arena: Sangue e Glória;Ramsés Sohn;;;;;;;9762;https://ludopedia.com.br/jogo/arena-sangue-e-gloria
2016;Arranca Toco F.C;Bruto Games;;;;;;;10345;https://ludopedia.com.br/jogo/arranca-toco-f-c
2016;Battle Scenes - Guerra Civil;Fabian Balbinot;;;;;;;10300;https://ludopedia.com.br/jogo/battle-scenes-guerra-civil
2016;Blacksmith Brothers;Nicholas Paschalis;;;;;;;9758;https://ludopedia.com.br/jogo/blacksmith-brothers
2016;Cartas a Vapor;Kevin Talarico de Oliveira;Samanta Geraldini Talarico;;;;;;10303;https://ludopedia.com.br/jogo/cartas-a-vapor
2016;Chaparral;Marcos Macri;;;;;;;11096;https://ludopedia.com.br/jogo/chaparral
2016;Contária;Michael C. Alves;;;;;;;11388;https://ludopedia.com.br/jogo/contaria
2016;Crop Rotation;Eduardo Guerra;;;;;;;11856;https://ludopedia.com.br/jogo/crop-rotation
2016;Deterrence 2X62;Paulo Santoro;;;;;;;8370;https://ludopedia.com.br/jogo/deterrence-2x62
2016;Drillit! A Fuga da Montanha de Cristal;Lucas Pereira;Pedro Nastari;;;;;;4045;https://ludopedia.com.br/jogo/drillit-a-fuga-da-montanha-de-cristal
2016;Duelo: Kung-Fu;André Osava;Bruno Podolski;Daniel Silveira;Renato Hou;;;;10063;https://ludopedia.com.br/jogo/duelo-kung-fu?v=
2016;Embolada - Não deixe a bola cair!;Renato Sasdelli;Thiago Brito;Yuri Fang;;;;;15929;https://ludopedia.com.br/jogo/embolada-nao-deixe-a-bola-cair?v=
2016;Encantados;Fel Barros;;;;;;;10202;https://ludopedia.com.br/jogo/encantados
2016;Fábulas Fantásticas;Guilherme Moraes;;;;;;;9738;https://ludopedia.com.br/jogo/fabulas-fantasticas
2016;Ferrovias de São Paulo;Wagner Gerlach;;;;;;;9932;https://ludopedia.com.br/jogo/ferrovias-de-sao-paulo?v=
2016;FHS - Fighting for Ham Society;Robson Araújo Gonçalves;Vini Moreira;;;;;;22662;https://ludopedia.com.br/jogo/fhs-fighting-for-ham-society
2016;Gasolina de Sangue Board Game;Fábio Melo;;;;;;;11415;https://ludopedia.com.br/jogo/gasolina-de-sangue-board-game
2016;Império Lendário;Rafael M. Verri;;;;;;;7227;https://ludopedia.com.br/jogo/imperio-lendario
2016;Looterz;Fel Barros;Marco Portugal;;;;;;11050;https://ludopedia.com.br/jogo/looterz
2016;Machina: Simulacro de Guerra;Jordan Florio de Oliveira;;;;;;;10865;https://ludopedia.com.br/jogo/machina-simulacro-de-guerra
2016;Matryoshka;Sérgio Halaban;;;;;;;10557;https://ludopedia.com.br/jogo/matryoshka
2016;Meu Jardim;Rafael Arrivabene;;;;;;;11862;https://ludopedia.com.br/jogo/meu-jardim
2016;O Gângster de Retrocity;Ramsés Sohn;;;;;;;9763;https://ludopedia.com.br/jogo/o-gangster-de-retrocity
2016;Os Campos do Caos;Jordan Florio de Oliveira;;;;;;;10612;https://ludopedia.com.br/jogo/os-campos-do-caos?v=
2016;Por favor, não corte minha cabeça!;Gustavo Lopes;;;;;;;11552;https://ludopedia.com.br/jogo/por-favor-nao-corte-minha-cabeca
2016;Rock'n Roll Manager;Leandro Pires;;;;;;;6926;https://ludopedia.com.br/jogo/rock-n-roll-manager
2016;Seguem Alterações do Cliente;Jordan Florio de Oliveira;;;;;;;10889;https://ludopedia.com.br/jogo/seguem-alteracoes-do-cliente?v=
2016;Sheriff of Nottingham;André Zatz;Sérgio Halaban;;;;;;5741;https://ludopedia.com.br/jogo/sheriff-of-nottingham
2016;Sk8 Pro;Ramsés Sohn;;;;;;;9791;https://ludopedia.com.br/jogo/sk8-pro?v=
2016;Sonhando com Alice;Daniel Alves;;;;;;;10861;https://ludopedia.com.br/jogo/sonhando-com-alice
2016;Space Cantina;Fel Barros;Warny Marçano;;;;;;9678;https://ludopedia.com.br/jogo/space-cantina
2016;The Rotfather: Intrigas;Rafael Arrivabene;;;;;;;12074;https://ludopedia.com.br/jogo/the-rotfather-intrigas
2016;UNO Disco Race;Jordan Florio de Oliveira;;;;;;;9851;https://ludopedia.com.br/jogo/uno-disco-race
2016;Wall Street App;Luiz Dal Monte Neto;;;;;;;11786;https://ludopedia.com.br/jogo/wall-street-app
2016;Zodiacus intrépidos;Marcos Barreto;Victor Borba;;;;;;6765;https://ludopedia.com.br/jogo/zodiacus-intrepidos?v=
2016;Zona Mágica;Michael C. Alves;;;;;;;9962;https://ludopedia.com.br/jogo/zona-magica
2015;Aquarium;Marcos Macri;;;;;;;7379;https://ludopedia.com.br/jogo/aquarium
2015;Battle Scenes - Iniciativa Vingadores;Fabian Balbinot;;;;;;;7781;https://ludopedia.com.br/jogo/battle-scenes-iniciativa-vingadores
2015;Battle Scenes - Ofensiva Surpresa;Fabian Balbinot;;;;;;;8597;https://ludopedia.com.br/jogo/battle-scenes-ofensiva-surpresa
2015;Caçadores da Galáxia;Daniel Alves;;;;;;;6523;https://ludopedia.com.br/jogo/cacadores-da-galaxia
2015;Cafundó;Andre Estevez;Jonathas Joba;Pedro Ometto;;;;;9646;https://ludopedia.com.br/jogo/cafundo?v=
2015;Colecionando Offline;Lucas Pereira;Luis Francisco;;;;;;3388;https://ludopedia.com.br/jogo/colecionando-offline
2015;Heróis e Monstros;Rovalde Banchieri;;;;;;;9266;https://ludopedia.com.br/jogo/herois-e-monstros
2015;Inner Geek;Fel Barros;;;;;;;9523;https://ludopedia.com.br/jogo/inner-geek
2015;Iowa;Gus Martin;;;;;;;7385;https://ludopedia.com.br/jogo/iowa
2015;Jester;Marcos Macri;;;;;;;8262;https://ludopedia.com.br/jogo/jester
2015;O Ataque dos Tubarões-Vampiros;Eron Dal Molin;;;;;;;9447;https://ludopedia.com.br/jogo/o-ataque-dos-tubaroes-vampiros
2015;Piratas!;Pedro Sales;Renato Simões;;;;;;8814;https://ludopedia.com.br/jogo/piratas
2015;Quartz;André Zatz;Sérgio Halaban;;;;;;7067;https://ludopedia.com.br/jogo/quartz
2015;Quissama: O império dos capoeiras;Ricardo Spinelli;;;;;;;8146;https://ludopedia.com.br/jogo/quissama-o-imperio-dos-capoeiras
2015;Reinos e Relíquias - Entre Luz e Trevas;Bruno Teixeira Maia;Filipe Franklin Romualdo;Ulisses Silva de Sousa;;;;;4229;https://ludopedia.com.br/jogo/reinos-reliquias-entre-luz-e-trevas?v=
2015;Runicards Dungeons: Desafios do Deserto;Rovalde Banchieri;;;;;;;6576;https://ludopedia.com.br/jogo/runicards-dungeons-desafios-do-deserto
2015;Sapotagem;Fel Barros;Warny Marçano;;;;;;8791;https://ludopedia.com.br/jogo/sapotagem
2015;Supernova: Um Novo Êxodo;Rafael M. Verri;;;;;;;7700;https://ludopedia.com.br/jogo/supernova-um-novo-exodo
2015;Tinco;Alessandro de Oliveira;Gustavo Barreto;;;;;;8258;https://ludopedia.com.br/jogo/tinco
2015;Última Fortaleza;Fabiano Saccol;;;;;;;2483;https://ludopedia.com.br/jogo/ultima-fortaleza
2015;Warzoo;Fel Barros;;;;;;;2621;https://ludopedia.com.br/jogo/warzoo
2015;Zueira Never Ends;Celso Zanini;Pablo Abraham;Saul Tamborena;;;;;8473;https://ludopedia.com.br/jogo/zueira-never-ends?v=
2014;A Colmeia;Wagner Gerlach;;;;;;;6447;https://ludopedia.com.br/jogo/a-colmeia?v=
2014;A Conta da Copa é Nossa!;Guilherme Cianfarani;;;;;;;8253;https://ludopedia.com.br/jogo/a-conta-da-copa-e-nossa
2014;Battle Scenes - Invasão Cósmica;Fabian Balbinot;;;;;;;6708;https://ludopedia.com.br/jogo/battle-scenes-invasao-cosmica
2014;Battle Scenes - Múltiplas Identidades;Fabian Balbinot;;;;;;;5692;https://ludopedia.com.br/jogo/battle-scenes-multiplas-identidades
2014;Battle Scenes - Poderes Ocultos;Fabian Balbinot;;;;;;;3445;https://ludopedia.com.br/jogo/battle-scenes-poderes-ocultos
2014;Butim;Igor Larsen Soares;Ramsés Sohn;;;;;;1664;https://ludopedia.com.br/jogo/butim
2014;Cruz de Ferro;Antonio Marcelo;Helder Farago;Jorge Bentes;;;;;2411;https://ludopedia.com.br/jogo/cruz-de-ferro
2014;Desafio Carioca;Luiz André Alzer;;;;;;;7135;https://ludopedia.com.br/jogo/desafio-carioca?v=
2014;Duelo de Dados;André Luiz Silva Negrão;;;;;;;3458;https://ludopedia.com.br/jogo/duelo-de-dados
2014;Encosto;Marcelo Del Debbio;Rodrigo Grola;;;;;;23781;https://ludopedia.com.br/jogo/encosto?v=
2014;Fields Of Gore;Antonio Marcelo;;;;;;;6554;https://ludopedia.com.br/jogo/fields-of-gore?v=
2014;Fortaleza de Berdolock;Antonio Marcelo;Rodrigo da Soledade;;;;;;6806;https://ludopedia.com.br/jogo/fortaleza-de-berdolock
2014;Gekido;Fel Barros;Romulo Marques;;;;;;5724;https://ludopedia.com.br/jogo/gekido
2014;Liga da Justiça;Fabiano Onça;Mauricio Miyaji;Mauricio V. Gibrin;;;;;12128;https://ludopedia.com.br/jogo/liga-da-justica?v=
2014;Malleus;Tiago Junges;;;;;;;5032;https://ludopedia.com.br/jogo/malleus?v=
2014;Masmorra de Dados;Daniel Alves;Eurico Cunha Neto;Patrick Matheus;;;;;5660;https://ludopedia.com.br/jogo/masmorra-de-dados?v=
2014;Midgard: The Card Game;Cristiano Chaves de Oliveira;Fernando Scheffer;;;;;;677;https://ludopedia.com.br/jogo/midgard-the-card-game
2014;Muffin Games;Fel Barros;Marco Portugal;;;;;;6032;https://ludopedia.com.br/jogo/muffin-games
2014;Paleolítica;Antonio Marcelo;;;;;;;2472;https://ludopedia.com.br/jogo/paleolitica?v=
2014;Pequenas Igrejas, Grandes Negócios;Marcelo Del Debbio;;;;;;;3639;https://ludopedia.com.br/jogo/pequenas-igrejas-grandes-negocios
2014;Quadrilha;Emilio Damiani Jr;;;;;;;6666;https://ludopedia.com.br/jogo/quadrilha
2014;Reserva Ambiental;Wagner Gerlach;;;;;;;6446;https://ludopedia.com.br/jogo/reserva-ambiental?v=
2014;Selene - The Fantasy;Klaus Maximilian;;;;;;;655;https://ludopedia.com.br/jogo/selene-the-fantasy
2014;Shazam;Marcos Macri;;;;;;;16766;https://ludopedia.com.br/jogo/shazam
2014;Tático;Rafael Cotait;;;;;;;7966;https://ludopedia.com.br/jogo/tatico
2013;Adoradores de Cthulhu;Helio Greca;;;;;;;9841;https://ludopedia.com.br/jogo/adoradores-de-cthulhu?v=
2013;Álmok e Cartas Assombradas Edição de Colecionador;Vicente (Vince) Martin;;;;;;;2687;https://ludopedia.com.br/jogo/almok-e-cartas-assombradas-edicao-de-colecionador
2013;Battle Scenes - Universo Marvel;Fabian Balbinot;;;;;;;627;https://ludopedia.com.br/jogo/battle-scenes-universo-marvel
2013;Contágio - Card Game;Fernando Fumis;Matheus Funfas;;;;;;2261;https://ludopedia.com.br/jogo/contagio-card-game
2013;Dogs;Marcos Macri;;;;;;;1844;https://ludopedia.com.br/jogo/dogs
2013;Don Capollo;Gustavo Barreto;;;;;;;1477;https://ludopedia.com.br/jogo/don-capollo
2013;Escravo, nem Pensar!;Marcos Macri;;;;;;;22200;https://ludopedia.com.br/jogo/escravo-nem-pensar
2013;Formula E;André Zatz;Sérgio Halaban;;;;;;467;https://ludopedia.com.br/jogo/formula-e?v=
2013;Medievalis;Marcelo Mandaji;;;;;;;100;https://ludopedia.com.br/jogo/medievalis
2013;Mesozoic Tales: The Board Game;Tito Aureliano;;;;;;;47045;https://ludopedia.com.br/jogo/mesozoic-tales-the-board-game
2013;O Faraó;Hermes Herbert Müller;;;;;;;4033;https://ludopedia.com.br/jogo/o-farao
2013;Ovni (Primeira Edição);Marcos Macri;;;;;;;346;https://ludopedia.com.br/jogo/ovni-primeira-edicao
2013;Pentacubos - Universidade Monstros;Lúcio Abbondati, Jr.;;;;;;;28706;https://ludopedia.com.br/jogo/pentacubos-universidade-monstros
2013;Portões de Fogo;Antonio Marcelo;;;;;;;1964;https://ludopedia.com.br/jogo/portoes-de-fogo?v=
2013;PULSE;Encho Chagas;;;;;;;3814;https://ludopedia.com.br/jogo/pulse
2013;Runicards: Batalha pela Terra do Fogo;Rovalde Banchieri;;;;;;;368;https://ludopedia.com.br/jogo/runicards-batalha-pela-terra-do-fogo
2013;Sibylla;Julio Trois;;;;;;;832;https://ludopedia.com.br/jogo/sibylla?v=
2013;Sushi das Letras - Universidade Monstros;Lúcio Abbondati, Jr.;;;;;;;28705;https://ludopedia.com.br/jogo/sushi-das-letras-universidade-monstros
2013;The Cook-off;Luis Francisco;;;;;;;297;https://ludopedia.com.br/jogo/the-cook-off
2013;Viagem no Tempo;Marcos Macri;;;;;;;64;https://ludopedia.com.br/jogo/viagem-no-tempo
2012;A Cartomante;Julia Stateri;;;;;;;445;https://ludopedia.com.br/jogo/a-cartomante
2012;A Copa da Árvore;Renato Sasdelli;;;;;;;1849;https://ludopedia.com.br/jogo/a-copa-da-arvore
2012;Card Goblins;Tiago Junges;;;;;;;443;https://ludopedia.com.br/jogo/card-goblins
2012;Convocados;Renato Sasdelli;Yuri Fang;;;;;;615;https://ludopedia.com.br/jogo/convocados
2012;Deterrence;Paulo Santoro;;;;;;;251;https://ludopedia.com.br/jogo/deterrence
2012;Dungeon Monsters;Helio Greca;;;;;;;262;https://ludopedia.com.br/jogo/dungeon-monsters
2012;Gran Circo;Marcos Macri;;;;;;;91;https://ludopedia.com.br/jogo/gran-circo
2012;Mafia;Renato Sasdelli;;;;;;;396;https://ludopedia.com.br/jogo/mafia
2012;Molucas;Hermes Herbert Müller;;;;;;;20671;https://ludopedia.com.br/jogo/molucas
2012;Okto;Vicente (Vince) Martin;;;;;;;2719;https://ludopedia.com.br/jogo/okto
2012;Pirâmide Matemágica;Lúcio Abbondati, Jr.;;;;;;;7322;https://ludopedia.com.br/jogo/piramide-matemagica
2012;Pyramyz;Vicente (Vince) Martin;;;;;;;1838;https://ludopedia.com.br/jogo/pyramyz
2012;Vera Cruz;Julio Trois;;;;;;;428;https://ludopedia.com.br/jogo/vera-cruz?v=
2012;Viajantes;Marcos Macri;;;;;;;1550;https://ludopedia.com.br/jogo/viajantes
2012;War Batalhas Mitológicas;André Zatz;Sérgio Halaban;;;;;;394;https://ludopedia.com.br/jogo/war-batalhas-mitologicas
2011;Aero;Alessandro de Oliveira;Gustavo Barreto;;;;;;10;https://ludopedia.com.br/jogo/aero
2011;Afluentes;Luish Moraes Coelho;;;;;;;1207;https://ludopedia.com.br/jogo/afluentes
2011;Ataque Pirata;Mauricio V. Gibrin;;;;;;;2683;https://ludopedia.com.br/jogo/ataque-pirata
2011;BGConFusão;Gustavo Barreto;;;;;;;696;https://ludopedia.com.br/jogo/bgconfusao
2011;Boolean;Eduardo Jacober;;;;;;;3472;https://ludopedia.com.br/jogo/boolean
2011;Casa da Fama;Antonio Marcelo;Flavio Jandorno;;;;;;2680;https://ludopedia.com.br/jogo/casa-da-fama
2011;Cisplatina;Julio Trois;;;;;;;237;https://ludopedia.com.br/jogo/cisplatina?v=
2011;Farrapos;Julio Trois;;;;;;;276;https://ludopedia.com.br/jogo/farrapos?v=
2011;Galáxia S.A.;Antonio Marcelo;Flavio Jandorno;;;;;;466;https://ludopedia.com.br/jogo/galaxia-s-a
2011;Gloria Regi;Mário Lúcio Zico;;;;;;;4269;https://ludopedia.com.br/jogo/gloria-regi?v=
2011;Mehinaku;Antonio Marcelo;Flavio Jandorno;Luis Francisco;;;;;465;https://ludopedia.com.br/jogo/mehinaku?v=
2011;Mercadores de Dur Durany;Hermes Herbert Müller;;;;;;;689;https://ludopedia.com.br/jogo/mercadores-de-dur-durany?v=
2011;O Último Grande Campeão;Renato Sasdelli;;;;;;;357;https://ludopedia.com.br/jogo/o-ultimo-grande-campeao
2011;O Vale dos Monstros;Marcos Macri;;;;;;;389;https://ludopedia.com.br/jogo/o-vale-dos-monstros
2011;Ouro de Tolo;André Zatz;Sérgio Halaban;;;;;;106;https://ludopedia.com.br/jogo/ouro-de-tolo
2011;Paraguay;Julio Trois;;;;;;;830;https://ludopedia.com.br/jogo/paraguay?v=
2011;Pássaros;Marcos Macri;;;;;;;678;https://ludopedia.com.br/jogo/passaros
2011;Piro;Marcos Macri;;;;;;;2675;https://ludopedia.com.br/jogo/piro
2011;Robin Hood;André Zatz;Sérgio Halaban;;;;;;356;https://ludopedia.com.br/jogo/robin-hood
2011;Tchibum na Lagoa;Fabiano Onça;;;;;;;21761;https://ludopedia.com.br/jogo/tchibum-na-lagoa
2011;The Farm;Julio Trois;;;;;;;2560;https://ludopedia.com.br/jogo/the-farm
2011;YN;Vicente (Vince) Martin;;;;;;;973;https://ludopedia.com.br/jogo/yn
2010;Acerte o Acento;Milton Célio de Oliveira Filho;;;;;;;13779;https://ludopedia.com.br/jogo/acerte-o-acento
2010;Bakugan: Torneio dos Mundos;Mauricio V. Gibrin;;;;;;;20646;https://ludopedia.com.br/jogo/bakugan-torneio-dos-mundos
2010;Brasilis;Renato Sasdelli;Thiago Brito;Yuri Fang;;;;;616;https://ludopedia.com.br/jogo/bra-ilis?v=
2010;Duelo no rancho;Carlos Camargo;;;;;;;14377;https://ludopedia.com.br/jogo/duelo-no-rancho?v=
2010;Embolada;Fernando Cabuto;Renato Sasdelli;Thiago Brito;Yuri Fang;;;;2682;https://ludopedia.com.br/jogo/embolada?v=
2010;França Antártica;Antonio Marcelo;;;;;;;7680;https://ludopedia.com.br/jogo/franca-antartica?v=
2010;Hóspedes do castelo;Carlos Camargo;;;;;;;14378;https://ludopedia.com.br/jogo/hospedes-do-castelo
2010;Javaé;Antonio Marcelo;Jorge Bentes;;;;;;7678;https://ludopedia.com.br/jogo/javae
2010;Mistérios das 7 Torres;Nereide Santa Rosa;;;;;;;16295;https://ludopedia.com.br/jogo/misterios-das-7-torres
2010;Onde está a Mônica?;Lúcio Abbondati, Jr.;;;;;;;28704;https://ludopedia.com.br/jogo/onde-esta-a-monica
2010;Planetas S.A.;Antonio Marcelo;;;;;;;7686;https://ludopedia.com.br/jogo/planetas-s-a?v=
2010;Recicle: Tempos de Crise;Luish Moraes Coelho;;;;;;;391;https://ludopedia.com.br/jogo/recicle-tempos-de-crise
2010;Rock'n Roll;André Zatz;Sérgio Halaban;;;;;;2688;https://ludopedia.com.br/jogo/rock-n-roll
2010;Super Trunfo Árvores Brasileiras;Jeison T. Alflen;;;;;;;13875;https://ludopedia.com.br/jogo/super-trunfo-arvores-brasileiras?v=
2010;WAR: Cards;Mauricio Miyaji;Mauricio V. Gibrin;;;;;;758;https://ludopedia.com.br/jogo/war-cards
2009;A fantástica fábrica de histórias para crianças;Paulo Tadeu;;;;;;;66563;https://ludopedia.com.br/jogo/a-fantastica-fabrica-de-historias-para-criancas
2009;Alternativa;David Castilho;;;;;;;3145;https://ludopedia.com.br/jogo/alternativa
2009;Detetive Júnior: Scooby-Doo!;Fabiano Onça;Mauricio V. Gibrin;;;;;;32454;https://ludopedia.com.br/jogo/detetive-junior-scooby-doo
2009;Dragon Ball Z - O Desafio do Dragão;Lúcio Abbondati, Jr.;;;;;;;27521;https://ludopedia.com.br/jogo/dragon-ball-z-o-desafio-do-dragao
2009;Dragon Ball Z - O Torneio;Lúcio Abbondati, Jr.;;;;;;;27224;https://ludopedia.com.br/jogo/dragon-ball-z-o-torneio
2009;Dragon Ball Z - Quadrimemória;Lúcio Abbondati, Jr.;;;;;;;27522;https://ludopedia.com.br/jogo/dragon-ball-z-quadrimemoria
2009;Guerreiros de Ferro;Antonio Marcelo;Flavio Jandorno;;;;;;5790;https://ludopedia.com.br/jogo/iron-warriors
2009;Jogo da Bolsa;Elvis Tolloti;;;;;;;31154;https://ludopedia.com.br/jogo/jogo-da-bolsa
2009;Máfia Submundo;Renato Sasdelli;;;;;;;10619;https://ludopedia.com.br/jogo/mafia-submundo
2009;O Melhor do Cinema (I);David Castilho;;;;;;;6925;https://ludopedia.com.br/jogo/o-melhor-do-cinema-i
2009;Pega o Pinguim!;André Zatz;Sérgio Halaban;;;;;;1218;https://ludopedia.com.br/jogo/pega-o-pinguim
2009;Recicle;Luish Moraes Coelho;;;;;;;35660;https://ludopedia.com.br/jogo/recicle
2009;Sustentabilidade;Fabiano Onça;;;;;;;2691;https://ludopedia.com.br/jogo/sustentabilidade
2009;Tragédia de Tracunhaém;Antonio Marcelo;Jorge Bentes;;;;;;7679;https://ludopedia.com.br/jogo/tragedia-de-tracunhaem?v=
2008;A Batalha do Passo do Rosário;Décio Damasceno Ferreira;;;;;;;7683;https://ludopedia.com.br/jogo/a-batalha-do-passo-do-rosario
2008;Detetive Júnior Turma da Mônica;Fabiano Onça;Mauricio V. Gibrin;;;;;;2787;https://ludopedia.com.br/jogo/detetive-junior-turma-da-monica
2008;Escriba;André Daniel Reinke;;;;;;;3988;https://ludopedia.com.br/jogo/escriba
2008;Futebox;Emílio Damiani, Jr.;;;;;;;3621;https://ludopedia.com.br/jogo/futebox
2008;Polônia '39;Décio Damasceno Ferreira;;;;;;;7684;https://ludopedia.com.br/jogo/polonia-39
2008;Transport;Marcos Wellberq;;;;;;;5516;https://ludopedia.com.br/jogo/transport
2007;Fronteira;Hermes Herbert Müller;;;;;;;692;https://ludopedia.com.br/jogo/fronteira?v=
2007;Iwo Jima;Reinaldo Teodoro;;;;;;;7682;https://ludopedia.com.br/jogo/iwo-jima?v=
2007;Riquezas do Sultão;André Zatz;Sérgio Halaban;;;;;;895;https://ludopedia.com.br/jogo/sultan
2007;WAR: Império Romano;André Zatz;Sérgio Halaban;;;;;;578;https://ludopedia.com.br/jogo/war-imperio-romano
2006;Batalha de São Borja;Antonio Marcelo;;;;;;;6184;https://ludopedia.com.br/jogo/batalha-de-sao-borja
2006;Escape das Estepes;Antonio Marcelo;;;;;;;7681;https://ludopedia.com.br/jogo/escape-das-estepes?v=
2006;Flotilha;Hermes Herbert Müller;;;;;;;4102;https://ludopedia.com.br/jogo/flotilha
2006;Jogo da Fronteira;André Zatz;Sérgio Halaban;;;;;;1214;https://ludopedia.com.br/jogo/hart-an-der-grenze
2006;Jogo dos Conquistadores;André Zatz;Sérgio Halaban;;;;;;1999;https://ludopedia.com.br/jogo/jogo-dos-conquistadores
2006;Marvel Heroes (I);Fabiano Onça;Mauricio Miyaji;Mauricio V. Gibrin;;;;;4845;https://ludopedia.com.br/jogo/marvel-heroes-i?v=
2006;Veredicto;Milton Célio de Oliveira Filho;;;;;;;2972;https://ludopedia.com.br/jogo/veredicto
2005;O Jogo do Almanaque Anos 80;Marcelo Martinez;;;;;;;80346;https://ludopedia.com.br/jogo/o-jogo-do-almanaque-anos-80
2004;Angus: Batalhas Medievais;André Zatz;Sérgio Halaban;;;;;;298;https://ludopedia.com.br/jogo/angus-batalhas-medievais
2004;Cavaleiros do Zodíaco: Saga do Santuário;André Zatz;Sérgio Halaban;;;;;;3606;https://ludopedia.com.br/jogo/cavaleiros-do-zodiaco-saga-do-santuario
2002;Corrida das Palavras;Lúcio Abbondati, Jr.;;;;;;;27226;https://ludopedia.com.br/jogo/corrida-das-palavras
2002;Floresta Encantada (I);André Zatz;Sérgio Halaban;Sílvia Zatz;;;;;4100;https://ludopedia.com.br/jogo/floresta-encantada-i?v=
2001;Bot;Mario Seabra;;;;;;;3482;https://ludopedia.com.br/jogo/bot
2001;Casa dos Artistas SBT;Lúcio Abbondati, Jr.;;;;;;;28707;https://ludopedia.com.br/jogo/casa-dos-artistas-sbt
2001;O Senhor dos Anéis: A Sociedade do Anel – A Guerra do Anel;Lúcio Abbondati, Jr.;;;;;;;16581;https://ludopedia.com.br/jogo/o-senhor-dos-aneis-a-sociedade-do-anel-a-guerra-do-anel
2001;Super Rally;Luiz Dal Monte Neto;;;;;;;5410;https://ludopedia.com.br/jogo/super-rally
2000;Ações Exame;Luiz Dal Monte Neto;;;;;;;3250;https://ludopedia.com.br/jogo/acoes-exame
2000;Caçadores De Notícias;Luís Antônio Ribeiro;Pedro Seixas Corrêa;;;;;;6069;https://ludopedia.com.br/jogo/cacadores-de-noticias
2000;Castle Adventures;Luiz Dal Monte Neto;;;;;;;3584;https://ludopedia.com.br/jogo/castle-adventures
2000;Posso Perguntar?;Lúcio Abbondati, Jr.;;;;;;;27145;https://ludopedia.com.br/jogo/posso-perguntar
1999;Arquivos Secretos: O Confronto;Luiz Dal Monte Neto;;;;;;;25128;https://ludopedia.com.br/jogo/arquivos-secretos-o-confronto
1999;Colonial;Antonio Marcelo;;;;;;;3723;https://ludopedia.com.br/jogo/colonial
1998;Corrida Presidencial;André Zatz;Sérgio Halaban;Sílvia Zatz;;;;;3219;https://ludopedia.com.br/jogo/corrida-presidencial
1998;Mulan: A Grande Batalha;Luiz Dal Monte Neto;;;;;;;14418;https://ludopedia.com.br/jogo/mulan-a-grande-batalha
1997;Ayrton Senna: The King of Monaco;Carlos Seabra;Fernando Fonseca Jr.;;;;;;299;https://ludopedia.com.br/jogo/ayrton-senna-the-king-of-monaco
1997;Converse com o seu Anjo;Monica Buonfiglio;;;;;;;13701;https://ludopedia.com.br/jogo/converse-com-o-seu-anjo
1997;O Alquimista;Otávio Lacerda;;;;;;;2991;https://ludopedia.com.br/jogo/o-alquimista
1996;Gnomos: Além da Lenda;Luiz Dal Monte Neto;;;;;;;10312;https://ludopedia.com.br/jogo/gnomos-alem-da-lenda
1996;Jetfighter;Tarquinio R. M. Teles;;;;;;;31767;https://ludopedia.com.br/jogo/jetfighter
1995;Pensando melhor com Dr. Lair Ribeiro;Carlos Seabra;Fernando Fonseca Jr.;;;;;;9397;https://ludopedia.com.br/jogo/pensando-melhor-com-dr-lair-ribeiro
1995;Pokémon - Já achei!;Mario Seabra;;;;;;;43880;https://ludopedia.com.br/jogo/pokemon-ja-achei
1993;Coma: Guerra Biológica;Carlos Seabra;Fernando Fonseca Jr.;;;;;;3726;https://ludopedia.com.br/jogo/coma-guerra-biologica
1993;Turfe;Luiz Dal Monte Neto;;;;;;;5537;https://ludopedia.com.br/jogo/turfe
1992;Retrato Falado;Milton Célio de Oliveira Filho;;;;;;;22491;https://ludopedia.com.br/jogo/retrato-falado
1992;Terra: Aventura Pelos Caminhos do Brasil;Eduardo Coelho Moliterno;;;;;;;2823;https://ludopedia.com.br/jogo/terra-aventura-pelos-caminhos-do-brasil
1991;Cockpit;Manuel Meireles;;;;;;;1016;https://ludopedia.com.br/jogo/cockpit
1991;Escrevendo Certo;Meire Vibiano;;;;;;;23486;https://ludopedia.com.br/jogo/escrevendo-certo
1991;Videomania;Luiz Dal Monte Neto;Rubens Ewald Filho;;;;;;17803;https://ludopedia.com.br/jogo/videomania
1990;Alquimix;Luiz Dal Monte Neto;;;;;;;3142;https://ludopedia.com.br/jogo/alquimix
1990;Atentado no Cassino;Otávio Lacerda;;;;;;;3202;https://ludopedia.com.br/jogo/atentado-no-cassino
1990;Castelo do Terror;Carlos Seabra;Fernando Fonseca Jr.;;;;;;3582;https://ludopedia.com.br/jogo/castelo-do-terror
1990;Super Interessante - O Jogo;Luiz Dal Monte Neto;;;;;;;44472;https://ludopedia.com.br/jogo/super-interessante-o-jogo
1990;Time is Money;Mario Seabra;;;;;;;7042;https://ludopedia.com.br/jogo/time-is-money
1989;Banco Imobiliário Júnior;Fabiano Onça;Mauricio V. Gibrin;;;;;;3263;https://ludopedia.com.br/jogo/banco-imobiliario-junior
1989;Vire o Poker;Luiz Dal Monte Neto;;;;;;;13976;https://ludopedia.com.br/jogo/vire-o-poker
1988;Globo Game;J. Duncan;;;;;;;3218;https://ludopedia.com.br/jogo/globo-game
1987;Ecologia;Mario Seabra;;;;;;;9580;https://ludopedia.com.br/jogo/ecologia
1985;Alta Velocidade;Luiz Gonzaga R. Leite;;;;;;;1870;https://ludopedia.com.br/jogo/alta-velocidade
1985;Centurion;Otávio Lacerda;;;;;;;3649;https://ludopedia.com.br/jogo/centurion
1982;Batalha das Ardenas;Marcelo Sabino da Silva;;;;;;;47508;https://ludopedia.com.br/jogo/batalha-das-ardenas
1982;Escrete;Chico Buarque de Holanda;;;;;;;3635;https://ludopedia.com.br/jogo/escrete
1982;RPM;Mario Seabra;;;;;;;5190;https://ludopedia.com.br/jogo/rpm
1981;A Guerra do Yom Kippur;Mario Seabra;;;;;;;26630;https://ludopedia.com.br/jogo/a-guerra-do-yom-kippur
1981;Duo;Mario Seabra;;;;;;;3919;https://ludopedia.com.br/jogo/duo
1981;Eleições;Mario Seabra;;;;;;;3954;https://ludopedia.com.br/jogo/eleicoes
1980;War II;Mario Seabra;;;;;;;577;https://ludopedia.com.br/jogo/war-ii
1974;Emboscada;Mario Seabra;;;;;;;17926;https://ludopedia.com.br/jogo/emboscada
1930;Futebol de Botão;Geraldo Décourt;;;;;;;2318;https://ludopedia.com.br/jogo/button-soccer